municipality,Alkmaar,Almelo,Almere,Amersfoort,Amsterdam,Apeldoorn,Arnhem,Assen,Breda,Delft,Den Helder,Deventer,Doetinchem,Ede,Eindhoven,Enschede,Gouda,Groningen,Haarlem,Haarlemmermeer,Heerenveen,Heerlen,Hilversum,Kerkrade,Leeuwarden,Leidschendam-Voorburg,Lelystad,Maastricht,Meppel,Nijmegen,Oss,Roosendaal,Rotterdam,'s-Gravenhage,Terneuzen,Tilburg,Utrecht,Venlo,Vlissingen,Waalwijk,Wageningen,Zaanstad,Zwolle
Aa en Hunze,0.0,0.0,0.0,0.0,0.0,0.11,0.0,4.97,0.0,0.0,0.0,0.0,0.0,0.0,0.0,0.0,0.0,1.01,0.0,0.0,0.0,0.0,0.0,0.0,0.0,0.0,0.0,0.0,0.55,0.0,0.0,0.0,0.0,0.0,0.0,0.0,0.0,0.0,0.0,0.0,0.0,0.0,0.2
Aalburg,0.0,0.0,0.0,0.0,0.0,0.0,0.0,0.0,0.19,0.0,0.0,0.0,0.0,0.0,0.06,0.0,0.0,0.0,0.0,0.0,0.0,0.0,0.0,0.0,0.0,0.0,0.0,0.0,0.0,0.0,0.0,0.0,0.03,0.0,0.0,0.16,0.04,0.0,0.0,1.85,0.0,0.0,0.0
Aalsmeer,0.18,0.0,0.0,0.12,0.54,0.0,0.0,0.0,0.0,0.0,0.0,0.0,0.0,0.0,0.0,0.0,0.28,0.0,0.31,1.61,0.0,0.0,0.21,0.0,0.0,0.0,0.0,0.0,0.0,0.0,0.0,0.0,0.03,0.04,0.0,0.0,0.08,0.0,0.0,0.0,0.0,0.19,0.0
Aalten,0.0,0.0,0.0,0.0,0.0,0.11,0.21,0.0,0.0,0.0,0.0,0.19,3.75,0.0,0.06,0.13,0.0,0.0,0.0,0.0,0.0,0.0,0.0,0.0,0.0,0.0,0.0,0.14,0.0,0.0,0.0,0.0,0.0,0.0,0.0,0.0,0.0,0.53,0.0,0.0,0.0,0.0,0.0
Achtkarspelen,0.0,0.0,0.0,0.0,0.0,0.0,0.0,0.0,0.0,0.0,0.0,0.0,0.0,0.0,0.0,0.0,0.0,0.5,0.0,0.0,1.53,0.0,0.0,0.0,1.66,0.0,0.0,0.0,0.0,0.0,0.0,0.0,0.0,0.0,0.0,0.0,0.0,0.0,0.0,0.0,0.0,0.0,0.1
Alblasserdam,0.0,0.0,0.0,0.0,0.02,0.0,0.0,0.0,0.09,0.0,0.0,0.0,0.0,0.0,0.0,0.0,0.28,0.0,0.0,0.0,0.0,0.0,0.0,0.0,0.0,0.0,0.0,0.0,0.0,0.0,0.0,0.0,0.32,0.07,0.0,0.0,0.04,0.0,0.0,0.0,0.0,0.0,0.0
Albrandswaard,0.0,0.0,0.0,0.12,0.02,0.0,0.0,0.0,0.0,0.19,0.0,0.0,0.0,0.0,0.0,0.0,0.0,0.0,0.0,0.07,0.0,0.0,0.0,0.0,0.0,0.0,0.0,0.0,0.0,0.0,0.0,0.0,1.47,0.15,0.0,0.0,0.08,0.0,0.0,0.0,0.0,0.0,0.0
Alkmaar,35.14,0.0,0.15,0.12,1.12,0.0,0.0,0.0,0.09,0.0,2.9,0.0,0.0,0.0,0.06,0.0,0.0,0.0,2.93,1.14,0.0,0.0,0.21,0.0,0.0,0.0,0.0,0.0,0.0,0.0,0.0,0.0,0.05,0.07,0.0,0.08,0.12,0.0,0.0,0.0,0.0,2.79,0.0
Almelo,0.0,33.66,0.15,0.0,0.02,0.32,0.21,0.0,0.09,0.0,0.0,1.36,0.0,0.59,0.06,4.3,0.0,0.0,0.0,0.07,0.0,0.0,0.0,0.0,0.0,0.0,0.68,0.0,0.0,0.11,0.0,0.0,0.03,0.0,0.0,0.08,0.04,0.0,0.0,0.0,0.0,0.0,0.91
Almere,0.54,0.0,53.87,1.12,3.2,3.46,2.98,0.26,0.19,0.19,0.0,0.19,0.31,1.57,0.23,0.63,0.28,0.07,0.46,2.88,0.0,0.2,3.29,0.0,0.0,0.0,6.83,0.14,0.0,1.27,0.27,0.0,0.13,0.19,0.0,0.41,0.69,0.18,0.0,0.0,1.14,0.93,0.5
Alphen aan den Rijn,0.0,0.0,0.15,0.37,0.37,0.0,0.1,0.0,0.09,0.77,0.0,0.0,0.0,0.0,0.0,0.0,4.18,0.0,0.31,1.61,0.0,0.0,0.41,0.0,0.0,2.29,0.0,0.0,0.0,0.0,0.0,0.0,0.53,1.16,0.0,0.08,0.65,0.0,0.0,0.0,0.0,0.19,0.0
Alphen-Chaam,0.0,0.0,0.0,0.0,0.0,0.0,0.0,0.0,0.83,0.0,0.0,0.0,0.0,0.0,0.06,0.0,0.0,0.0,0.0,0.0,0.0,0.0,0.0,0.0,0.0,0.0,0.0,0.0,0.0,0.0,0.0,0.0,0.03,0.04,0.0,0.66,0.0,0.0,0.0,0.0,0.0,0.0,0.0
Ameland,0.0,0.0,0.0,0.0,0.0,0.0,0.0,0.0,0.0,0.0,0.0,0.0,0.0,0.0,0.0,0.0,0.0,0.0,0.0,0.0,0.31,0.0,0.0,0.0,0.0,0.0,0.0,0.0,0.0,0.0,0.0,0.0,0.0,0.0,0.0,0.0,0.0,0.0,0.0,0.0,0.0,0.0,0.0
Amersfoort,0.18,0.0,0.93,33.62,1.19,0.54,0.41,0.0,0.09,0.19,0.0,0.19,0.31,1.18,0.12,0.13,0.28,0.07,0.15,1.01,0.0,0.0,4.11,0.0,0.0,0.0,0.34,0.0,0.0,0.11,0.0,0.0,0.16,0.26,0.0,0.08,3.18,0.0,0.0,0.0,0.57,0.19,0.2
Amstelveen,0.18,0.0,0.46,0.25,2.96,0.0,0.0,0.0,0.0,0.19,0.36,0.0,0.0,0.0,0.06,0.0,0.0,0.0,0.92,2.88,0.0,0.0,0.41,0.0,0.0,0.57,0.0,0.0,0.0,0.11,0.0,0.0,0.08,0.15,0.0,0.08,0.38,0.0,0.0,0.0,0.0,0.37,0.0
Amsterdam,2.54,0.25,4.18,2.98,44.27,0.32,0.93,0.52,0.46,1.53,4.35,0.19,0.31,0.39,0.92,0.25,0.84,0.29,6.47,14.41,0.0,0.4,10.47,0.0,0.15,1.14,1.02,0.43,0.55,0.53,0.27,0.0,1.28,1.95,0.0,1.32,4.99,0.0,0.0,0.37,0.57,10.99,0.3
Apeldoorn,0.0,0.49,0.93,0.87,0.15,42.53,3.4,0.0,0.09,0.0,0.0,4.09,1.56,1.38,0.29,0.76,0.0,0.07,0.0,0.2,0.0,0.2,0.41,0.74,0.15,0.0,0.68,0.29,0.0,0.74,0.0,0.0,0.05,0.04,0.0,0.08,0.27,1.6,0.0,0.0,1.14,0.0,1.21
Appingedam,0.0,0.0,0.0,0.0,0.0,0.0,0.0,0.26,0.0,0.0,0.0,0.0,0.0,0.0,0.0,0.0,0.0,0.72,0.0,0.0,0.0,0.0,0.0,0.0,0.0,0.0,0.0,0.0,0.0,0.0,0.0,0.0,0.0,0.0,0.0,0.0,0.0,0.0,0.0,0.0,0.0,0.0,0.0
Arnhem,0.0,0.25,0.31,0.37,0.2,2.16,29.22,0.0,0.09,0.0,0.0,0.97,3.44,3.94,0.29,0.63,0.0,0.07,0.0,0.13,0.0,0.2,0.21,0.0,0.0,0.0,0.34,0.29,0.0,5.31,0.54,0.0,0.13,0.07,0.0,0.25,0.5,0.53,0.0,0.0,4.55,0.0,0.5
Assen,0.0,0.25,0.0,0.12,0.02,0.22,0.0,39.27,0.0,0.0,0.0,0.19,0.0,0.0,0.06,0.38,0.0,3.1,0.0,0.0,0.31,0.0,0.0,0.0,0.15,0.0,0.0,0.0,1.1,0.0,0.0,0.0,0.03,0.0,0.0,0.0,0.04,0.0,0.0,0.0,0.0,0.0,0.61
Asten,0.0,0.0,0.0,0.0,0.0,0.0,0.0,0.0,0.09,0.0,0.0,0.0,0.0,0.0,0.46,0.0,0.0,0.0,0.0,0.0,0.0,0.0,0.0,0.0,0.0,0.0,0.0,0.0,0.0,0.0,0.0,0.0,0.03,0.0,0.0,0.16,0.0,0.18,0.0,0.0,0.0,0.0,0.0
Baarle-Nassau,0.0,0.0,0.0,0.0,0.0,0.0,0.0,0.0,0.37,0.0,0.0,0.0,0.0,0.0,0.06,0.0,0.0,0.0,0.0,0.0,0.0,0.0,0.0,0.0,0.0,0.0,0.0,0.0,0.0,0.0,0.0,0.0,0.03,0.0,0.0,0.41,0.0,0.0,0.0,0.0,0.0,0.0,0.0
Baarn,0.0,0.0,0.31,1.49,0.17,0.0,0.0,0.0,0.0,0.0,0.0,0.0,0.0,0.0,0.0,0.0,0.0,0.0,0.0,0.2,0.0,0.0,1.44,0.0,0.0,0.0,0.0,0.0,0.0,0.0,0.0,0.0,0.03,0.04,0.0,0.0,0.35,0.0,0.0,0.0,0.0,0.0,0.0
Barendrecht,0.0,0.0,0.0,0.0,0.05,0.0,0.0,0.0,0.09,0.57,0.0,0.0,0.0,0.0,0.06,0.0,0.28,0.0,0.0,0.07,0.0,0.0,0.0,0.0,0.0,0.0,0.0,0.0,0.0,0.0,0.0,0.28,2.24,0.3,0.0,0.08,0.19,0.0,0.0,0.0,0.0,0.0,0.0
Barneveld,0.0,0.0,0.15,1.49,0.07,0.87,0.72,0.0,0.0,0.0,0.0,0.19,0.0,4.53,0.06,0.0,0.0,0.0,0.0,0.07,0.0,0.0,0.21,0.0,0.0,0.0,0.0,0.0,0.0,0.21,0.0,0.0,0.03,0.0,0.0,0.0,0.19,0.18,0.0,0.0,0.57,0.0,0.1
Bedum,0.0,0.0,0.0,0.0,0.0,0.0,0.0,0.26,0.0,0.0,0.0,0.0,0.0,0.0,0.0,0.0,0.0,1.66,0.0,0.0,0.0,0.0,0.0,0.0,0.0,0.0,0.0,0.0,0.0,0.0,0.0,0.0,0.0,0.0,0.0,0.0,0.0,0.0,0.0,0.0,0.0,0.0,0.0
Beek,0.0,0.0,0.0,0.0,0.0,0.0,0.0,0.0,0.09,0.0,0.0,0.0,0.0,0.0,0.23,0.0,0.0,0.0,0.0,0.0,0.0,1.21,0.0,0.74,0.0,0.0,0.0,1.59,0.0,0.0,0.0,0.0,0.03,0.0,0.0,0.08,0.0,0.18,0.0,0.0,0.0,0.0,0.0
Beemster,0.36,0.0,0.0,0.0,0.15,0.0,0.0,0.0,0.0,0.0,0.0,0.0,0.0,0.0,0.0,0.0,0.0,0.0,0.0,0.07,0.0,0.0,0.0,0.0,0.0,0.0,0.0,0.0,0.0,0.0,0.0,0.0,0.0,0.0,0.0,0.0,0.0,0.0,0.0,0.0,0.0,0.37,0.0
Beesel,0.0,0.0,0.0,0.0,0.0,0.11,0.0,0.0,0.0,0.0,0.0,0.0,0.0,0.0,0.12,0.0,0.0,0.0,0.0,0.0,0.0,0.2,0.0,0.0,0.0,0.0,0.0,0.14,0.0,0.0,0.0,0.0,0.0,0.0,0.0,0.08,0.0,2.84,0.0,0.0,0.0,0.0,0.0
Bellingwedde,0.0,0.0,0.0,0.0,0.0,0.0,0.0,0.26,0.0,0.0,0.0,0.0,0.0,0.0,0.0,0.0,0.0,0.22,0.0,0.0,0.0,0.0,0.0,0.0,0.0,0.0,0.0,0.0,0.0,0.0,0.0,0.0,0.0,0.0,0.0,0.0,0.0,0.0,0.0,0.0,0.0,0.0,0.0
Berg en Dal,0.0,0.0,0.0,0.0,0.02,0.11,0.51,0.0,0.0,0.0,0.0,0.0,0.31,0.2,0.12,0.0,0.0,0.0,0.0,0.0,0.0,0.2,0.0,0.0,0.0,0.0,0.0,0.14,0.0,5.2,0.27,0.0,0.03,0.0,0.0,0.08,0.04,0.35,0.0,0.0,0.0,0.0,0.0
Bergeijk,0.0,0.0,0.0,0.0,0.0,0.0,0.0,0.0,0.09,0.0,0.0,0.0,0.0,0.0,0.63,0.0,0.0,0.0,0.0,0.0,0.0,0.0,0.0,0.0,0.0,0.0,0.0,0.0,0.0,0.0,0.0,0.0,0.03,0.0,0.0,0.08,0.04,0.0,0.59,0.0,0.0,0.0,0.0
Bergen (L.),0.0,0.0,0.0,0.0,0.0,0.0,0.0,0.0,0.0,0.0,0.0,0.0,0.0,0.0,0.06,0.0,0.0,0.0,0.0,0.0,0.0,0.2,0.0,0.0,0.0,0.0,0.0,0.0,0.0,0.21,0.0,0.0,0.0,0.0,0.0,0.0,0.0,0.89,0.0,0.0,0.0,0.0,0.0
Bergen (NH.),4.17,0.0,0.0,0.0,0.17,0.0,0.0,0.0,0.0,0.0,0.72,0.0,0.0,0.0,0.0,0.0,0.0,0.0,0.31,0.27,0.0,0.0,0.0,0.0,0.0,0.0,0.0,0.0,0.0,0.0,0.0,0.0,0.03,0.0,0.0,0.0,0.0,0.0,0.0,0.0,0.0,0.56,0.0
Bergen op Zoom,0.0,0.0,0.0,0.0,0.03,0.0,0.0,0.0,1.3,0.19,0.0,0.0,0.0,0.0,0.12,0.0,0.0,0.0,0.0,0.07,0.0,0.0,0.0,0.0,0.0,0.0,0.0,0.0,0.0,0.0,0.0,6.69,0.43,0.19,0.82,0.33,0.08,0.0,0.59,0.37,0.0,0.0,0.0
Berkelland,0.0,0.74,0.15,0.0,0.02,0.32,0.21,0.0,0.0,0.0,0.0,0.78,2.19,0.0,0.06,1.26,0.0,0.0,0.0,0.0,0.0,0.0,0.0,0.0,0.0,0.0,0.0,0.0,0.0,0.21,0.0,0.0,0.03,0.0,0.0,0.08,0.0,0.35,0.0,0.0,0.0,0.0,0.1
Bernheze,0.0,0.0,0.0,0.0,0.02,0.11,0.0,0.0,0.09,0.0,0.0,0.0,0.0,0.0,0.29,0.0,0.0,0.0,0.0,0.0,0.0,0.0,0.0,0.0,0.0,0.0,0.0,0.0,0.0,0.21,5.63,0.28,0.03,0.04,0.41,0.25,0.04,0.0,0.0,0.37,0.0,0.0,0.0
Best,0.0,0.0,0.0,0.0,0.02,0.0,0.0,0.0,0.19,0.0,0.0,0.0,0.0,0.0,2.02,0.0,0.0,0.0,0.0,0.0,0.0,0.0,0.0,0.0,0.0,0.0,0.0,0.14,0.0,0.11,0.27,0.28,0.05,0.0,0.0,0.41,0.04,0.0,0.0,0.37,0.0,0.0,0.0
Beuningen,0.0,0.0,0.0,0.0,0.02,0.11,0.51,0.0,0.09,0.0,0.0,0.0,0.63,0.39,0.12,0.0,0.0,0.0,0.0,0.0,0.0,0.0,0.0,0.0,0.0,0.0,0.0,0.14,0.0,4.14,0.54,0.0,0.0,0.0,0.0,0.08,0.04,0.35,0.0,0.0,0.57,0.0,0.0
Beverwijk,1.27,0.0,0.0,0.0,0.48,0.0,0.0,0.0,0.0,0.0,0.36,0.0,0.0,0.0,0.0,0.0,0.0,0.0,2.16,0.94,0.0,0.0,0.0,0.0,0.0,0.0,0.0,0.0,0.0,0.11,0.0,0.0,0.03,0.04,0.0,0.08,0.04,0.0,0.0,0.0,0.0,1.68,0.0
Binnenmaas,0.0,0.0,0.0,0.0,0.02,0.0,0.0,0.0,0.09,0.19,0.0,0.0,0.0,0.0,0.0,0.0,0.0,0.0,0.0,0.07,0.0,0.0,0.0,0.0,0.0,0.0,0.0,0.0,0.0,0.0,0.0,0.0,0.69,0.11,0.0,0.0,0.12,0.0,0.0,0.0,0.0,0.0,0.0
Bladel,0.0,0.0,0.0,0.0,0.0,0.0,0.0,0.0,0.09,0.0,0.0,0.0,0.0,0.0,0.63,0.0,0.0,0.0,0.0,0.0,0.0,0.0,0.0,0.0,0.0,0.0,0.0,0.0,0.0,0.0,0.0,0.0,0.03,0.04,0.41,0.33,0.0,0.0,0.0,0.0,0.0,0.0,0.0
Blaricum,0.0,0.0,0.15,0.12,0.1,0.0,0.0,0.0,0.0,0.0,0.0,0.0,0.0,0.0,0.0,0.0,0.0,0.0,0.0,0.07,0.0,0.0,0.62,0.0,0.0,0.0,0.0,0.0,0.0,0.0,0.0,0.0,0.0,0.0,0.0,0.0,0.08,0.0,0.0,0.0,0.0,0.0,0.0
Bloemendaal,0.18,0.0,0.0,0.0,0.29,0.0,0.0,0.0,0.0,0.0,0.0,0.0,0.0,0.0,0.0,0.0,0.0,0.0,2.31,0.74,0.0,0.0,0.0,0.0,0.0,0.0,0.0,0.0,0.0,0.0,0.0,0.0,0.03,0.04,0.0,0.0,0.04,0.0,0.0,0.0,0.0,0.19,0.0
Bodegraven-Reeuwijk,0.0,0.0,0.0,0.25,0.07,0.0,0.0,0.0,0.0,0.19,0.0,0.0,0.0,0.0,0.0,0.0,4.46,0.0,0.0,0.13,0.0,0.0,0.0,0.0,0.0,0.57,0.0,0.0,0.0,0.0,0.0,0.0,0.16,0.22,0.0,0.0,0.31,0.0,0.0,0.0,0.0,0.0,0.0
Boekel,0.0,0.0,0.0,0.0,0.0,0.0,0.0,0.0,0.0,0.0,0.0,0.0,0.0,0.0,0.12,0.0,0.0,0.0,0.0,0.0,0.0,0.0,0.0,0.0,0.0,0.0,0.0,0.0,0.0,0.0,0.27,0.0,0.0,0.0,0.0,0.08,0.0,0.0,0.0,0.0,0.0,0.0,0.0
Borger-Odoorn,0.0,0.25,0.0,0.0,0.0,0.11,0.0,2.09,0.0,0.0,0.0,0.0,0.0,0.0,0.0,0.0,0.0,0.43,0.0,0.0,0.0,0.0,0.0,0.0,0.0,0.0,0.0,0.0,1.1,0.0,0.0,0.0,0.0,0.0,0.0,0.0,0.0,0.0,0.0,0.0,0.0,0.0,0.4
Borne,0.0,2.46,0.0,0.0,0.0,0.11,0.21,0.0,0.0,0.0,0.0,0.39,0.0,0.0,0.0,1.9,0.0,0.0,0.0,0.0,0.0,0.0,0.0,0.0,0.0,0.0,0.34,0.0,0.0,0.0,0.0,0.0,0.0,0.0,0.0,0.0,0.0,0.0,0.0,0.0,0.0,0.0,0.2
Borsele,0.0,0.0,0.0,0.0,0.0,0.0,0.0,0.0,0.09,0.0,0.0,0.0,0.0,0.0,0.0,0.0,0.0,0.0,0.0,0.0,0.0,0.0,0.0,0.0,0.0,0.0,0.0,0.0,0.0,0.0,0.0,0.28,0.11,0.07,1.23,0.08,0.0,0.0,2.96,0.0,0.0,0.0,0.0
Boxmeer,0.0,0.0,0.0,0.0,0.0,0.0,0.1,0.0,0.09,0.0,0.0,0.0,0.0,0.0,0.17,0.0,0.0,0.0,0.0,0.0,0.0,0.2,0.0,0.0,0.0,0.0,0.0,0.0,0.0,0.85,0.27,0.0,0.03,0.04,0.82,0.08,0.04,0.89,0.0,0.0,0.0,0.0,0.0
Boxtel,0.0,0.0,0.0,0.0,0.02,0.0,0.0,0.0,0.19,0.0,0.0,0.0,0.0,0.0,0.63,0.0,0.0,0.0,0.0,0.0,0.0,0.0,0.0,0.0,0.0,0.0,0.0,0.14,0.0,0.11,0.54,0.0,0.05,0.04,0.0,0.58,0.04,0.0,0.0,0.37,0.0,0.0,0.0
Breda,0.0,0.0,0.15,0.12,0.19,0.0,0.1,0.0,37.04,0.38,0.0,0.0,0.0,0.0,1.5,0.0,0.56,0.07,0.31,0.27,0.0,0.0,0.21,0.0,0.0,0.0,0.0,0.14,0.0,0.11,0.27,4.74,1.09,0.64,1.64,3.46,0.35,0.0,0.59,4.43,0.0,0.0,0.0
Brielle,0.0,0.0,0.0,0.0,0.02,0.0,0.0,0.0,0.0,0.19,0.0,0.0,0.0,0.0,0.0,0.0,0.0,0.0,0.0,0.0,0.0,0.0,0.0,0.0,0.0,0.57,0.0,0.0,0.0,0.0,0.0,0.0,0.72,0.07,0.0,0.0,0.04,0.0,0.0,0.0,0.0,0.0,0.0
Bronckhorst,0.0,0.0,0.0,0.0,0.02,0.32,0.62,0.0,0.0,0.0,0.0,0.58,7.81,0.2,0.06,0.13,0.0,0.0,0.0,0.0,0.0,0.2,0.0,0.0,0.0,0.0,0.0,0.14,0.0,0.11,0.0,0.0,0.0,0.0,0.0,0.0,0.04,0.18,0.0,0.0,0.57,0.0,0.1
Brummen,0.0,0.0,0.0,0.0,0.02,1.73,0.72,0.0,0.0,0.0,0.0,0.39,0.31,0.2,0.06,0.0,0.0,0.0,0.0,0.0,0.0,0.0,0.0,0.0,0.0,0.0,0.0,0.0,0.0,0.11,0.0,0.0,0.0,0.0,0.0,0.0,0.04,0.18,0.0,0.0,0.0,0.0,0.1
Brunssum,0.0,0.0,0.0,0.0,0.0,0.0,0.1,0.0,0.19,0.0,0.0,0.0,0.0,0.0,0.4,0.0,0.0,0.0,0.0,0.0,0.0,5.84,0.0,5.19,0.0,0.0,0.0,0.87,0.0,0.0,0.0,0.0,0.03,0.0,0.0,0.0,0.0,0.0,0.0,0.0,0.0,0.0,0.0
Bunnik,0.0,0.0,0.0,0.25,0.07,0.0,0.0,0.0,0.0,0.0,0.0,0.0,0.0,0.0,0.0,0.0,0.0,0.0,0.0,0.0,0.0,0.0,0.21,0.0,0.0,0.0,0.0,0.0,0.0,0.0,0.0,0.0,0.03,0.04,0.0,0.08,0.69,0.0,0.0,0.0,0.0,0.0,0.0
Bunschoten,0.0,0.0,0.15,1.36,0.09,0.0,0.0,0.0,0.0,0.0,0.0,0.0,0.0,0.2,0.0,0.0,0.0,0.0,0.0,0.07,0.0,0.0,0.21,0.0,0.0,0.0,0.0,0.0,0.0,0.0,0.0,0.0,0.0,0.0,0.0,0.0,0.12,0.0,0.0,0.0,0.0,0.0,0.0
Buren,0.0,0.0,0.0,0.25,0.03,0.11,0.1,0.0,0.0,0.0,0.0,0.0,0.0,0.39,0.06,0.0,0.0,0.0,0.0,0.07,0.0,0.2,0.21,0.0,0.0,0.0,0.0,0.0,0.0,0.11,0.0,0.0,0.03,0.04,0.0,0.0,0.19,0.18,0.0,0.0,0.57,0.0,0.0
Capelle aan den IJssel,0.0,0.0,0.0,0.12,0.1,0.0,0.0,0.0,0.19,0.77,0.0,0.0,0.0,0.0,0.06,0.0,1.39,0.0,0.0,0.13,0.0,0.0,0.0,0.0,0.0,0.57,0.0,0.0,0.0,0.0,0.0,0.28,2.99,0.56,0.0,0.08,0.27,0.0,0.0,0.0,0.0,0.0,0.0
Castricum,3.08,0.0,0.0,0.0,0.44,0.0,0.0,0.0,0.0,0.0,0.36,0.0,0.0,0.0,0.0,0.0,0.0,0.0,0.77,0.47,0.0,0.0,0.0,0.0,0.0,0.0,0.0,0.0,0.0,0.0,0.0,0.0,0.03,0.04,0.0,0.08,0.04,0.0,0.0,0.0,0.0,1.12,0.0
Coevorden,0.0,0.25,0.0,0.0,0.02,0.11,0.0,1.31,0.0,0.0,0.0,0.19,0.0,0.0,0.0,0.13,0.0,0.14,0.0,0.0,0.0,0.0,0.0,0.0,0.15,0.0,0.0,0.0,2.76,0.0,0.0,0.0,0.0,0.0,0.0,0.0,0.0,0.0,0.0,0.0,0.0,0.0,0.61
Cranendonck,0.0,0.0,0.0,0.0,0.0,0.0,0.0,0.0,0.19,0.0,0.0,0.0,0.0,0.0,0.75,0.0,0.0,0.0,0.0,0.0,0.0,0.2,0.0,0.0,0.0,0.0,0.0,0.0,0.0,0.0,0.0,0.0,0.03,0.0,0.0,0.08,0.0,0.18,0.0,0.0,0.0,0.0,0.0
Cromstrijen,0.0,0.0,0.0,0.0,0.02,0.0,0.0,0.0,0.0,0.0,0.0,0.0,0.0,0.0,0.0,0.0,0.0,0.0,0.0,0.0,0.0,0.0,0.0,0.0,0.0,0.0,0.0,0.0,0.0,0.0,0.0,0.0,0.29,0.04,0.0,0.0,0.04,0.0,0.0,0.0,0.0,0.0,0.0
Cuijk,0.0,0.0,0.0,0.0,0.0,0.0,0.21,0.0,0.09,0.0,0.0,0.0,0.0,0.0,0.17,0.0,0.0,0.0,0.0,0.0,0.0,0.0,0.0,0.0,0.0,0.0,0.0,0.0,0.0,1.38,0.8,0.28,0.03,0.04,0.82,0.08,0.04,0.35,0.59,0.0,0.0,0.0,0.0
Culemborg,0.0,0.0,0.15,0.37,0.07,0.11,0.0,0.0,0.0,0.0,0.0,0.0,0.0,0.2,0.06,0.0,0.0,0.0,0.0,0.07,0.0,0.4,0.21,0.0,0.0,0.0,0.0,0.0,0.0,0.11,0.0,0.0,0.05,0.04,0.0,0.08,0.65,0.35,0.0,0.0,0.0,0.0,0.0
Dalfsen,0.0,0.25,0.15,0.0,0.02,0.22,0.1,0.0,0.0,0.0,0.0,0.78,0.0,0.0,0.0,0.13,0.0,0.0,0.0,0.0,0.0,0.0,0.0,0.0,0.0,0.0,0.0,0.0,0.55,0.0,0.0,0.0,0.03,0.0,0.0,0.0,0.0,0.0,0.0,0.0,0.0,0.0,3.94
Dantumadiel,0.0,0.0,0.0,0.0,0.0,0.0,0.0,0.0,0.0,0.0,0.0,0.0,0.0,0.0,0.0,0.0,0.0,0.14,0.0,0.0,0.61,0.0,0.0,0.0,1.96,0.0,0.0,0.0,0.0,0.0,0.0,0.0,0.0,0.0,0.0,0.0,0.0,0.0,0.0,0.0,0.0,0.0,0.1
De Bilt,0.0,0.0,0.15,0.5,0.2,0.0,0.1,0.0,0.0,0.19,0.0,0.0,0.0,0.0,0.0,0.0,0.0,0.0,0.0,0.13,0.0,0.0,1.03,0.0,0.0,0.0,0.0,0.0,0.0,0.0,0.0,0.0,0.05,0.11,0.0,0.08,2.07,0.0,0.0,0.0,0.0,0.0,0.0
De Fryske Marren,0.0,0.25,0.15,0.0,0.02,0.22,0.21,0.0,0.0,0.0,0.0,0.19,0.0,0.0,0.0,0.0,0.0,0.5,0.0,0.07,10.4,0.0,0.0,0.0,1.51,0.0,0.68,0.0,0.55,0.0,0.0,0.0,0.03,0.0,0.0,0.0,0.04,0.0,0.0,0.0,0.0,0.0,0.3
De Marne,0.0,0.0,0.0,0.0,0.0,0.0,0.0,0.26,0.0,0.0,0.0,0.0,0.0,0.0,0.0,0.0,0.0,0.79,0.0,0.0,0.0,0.0,0.0,0.0,0.0,0.0,0.0,0.0,0.0,0.0,0.0,0.0,0.0,0.0,0.0,0.0,0.0,0.0,0.0,0.0,0.0,0.0,0.0
De Ronde Venen,0.18,0.0,0.15,0.5,0.68,0.0,0.0,0.0,0.0,0.0,0.36,0.0,0.0,0.0,0.0,0.0,0.0,0.0,0.15,0.8,0.0,0.0,0.41,0.0,0.0,0.0,0.0,0.0,0.0,0.0,0.0,0.0,0.03,0.07,0.0,0.0,0.31,0.0,0.0,0.0,0.0,0.19,0.0
De Wolden,0.0,0.0,0.0,0.0,0.0,0.11,0.0,0.52,0.0,0.0,0.0,0.19,0.0,0.0,0.0,0.0,0.0,0.07,0.0,0.0,0.0,0.0,0.0,0.0,0.0,0.0,0.0,0.0,8.29,0.0,0.0,0.0,0.0,0.0,0.0,0.0,0.0,0.0,0.0,0.0,0.0,0.0,0.91
Delft,0.0,0.0,0.15,0.12,0.22,0.0,0.1,0.0,0.19,31.99,0.0,0.0,0.0,0.0,0.12,0.0,0.56,0.0,0.15,0.34,0.0,0.0,0.0,0.0,0.0,2.29,0.0,0.0,0.0,0.0,0.0,0.0,1.01,2.32,0.0,0.33,0.58,0.0,0.0,0.0,0.0,0.0,0.0
Delfzijl,0.0,0.0,0.0,0.0,0.02,0.11,0.0,0.79,0.0,0.0,0.0,0.19,0.0,0.0,0.0,0.0,0.0,1.15,0.0,0.0,0.0,0.0,0.0,0.0,0.0,0.0,0.0,0.0,0.0,0.0,0.0,0.0,0.03,0.0,0.0,0.0,0.0,0.0,0.0,0.0,0.0,0.0,0.1
Den Helder,1.81,0.0,0.0,0.0,0.14,0.0,0.0,0.0,0.0,0.0,55.8,0.0,0.0,0.0,0.0,0.0,0.0,0.0,0.31,0.13,0.0,0.0,0.0,0.0,0.0,0.0,0.0,0.0,0.0,0.0,0.0,0.0,0.03,0.04,0.0,0.08,0.04,0.0,0.0,0.0,0.0,0.37,0.0
Deurne,0.0,0.0,0.0,0.0,0.02,0.0,0.0,0.0,0.19,0.0,0.0,0.0,0.0,0.0,0.81,0.0,0.0,0.0,0.0,0.0,0.0,0.0,0.0,0.0,0.0,0.0,0.0,0.0,0.0,0.11,0.27,0.0,0.03,0.0,0.0,0.16,0.04,0.35,0.0,0.0,0.0,0.0,0.0
Deventer,0.0,1.97,0.62,0.37,0.07,3.79,0.82,0.0,0.09,0.0,0.0,42.3,0.63,0.2,0.12,1.39,0.0,0.07,0.0,0.07,0.0,0.0,0.21,0.0,0.0,0.0,1.02,0.14,0.55,0.21,0.0,0.0,0.03,0.04,0.0,0.0,0.15,0.18,0.0,0.0,0.0,0.0,2.72
Diemen,0.0,0.0,0.15,0.12,1.33,0.0,0.0,0.0,0.0,0.0,0.0,0.0,0.0,0.0,0.0,0.0,0.0,0.0,0.15,0.47,0.0,0.0,0.21,0.0,0.0,0.0,0.0,0.0,0.0,0.0,0.0,0.0,0.03,0.04,0.0,0.0,0.15,0.0,0.0,0.0,0.0,0.19,0.0
Dinkelland,0.0,1.47,0.15,0.0,0.0,0.11,0.1,0.0,0.0,0.0,0.0,0.39,0.0,0.0,0.0,1.9,0.0,0.0,0.0,0.0,0.0,0.0,0.0,0.0,0.0,0.0,0.34,0.0,0.0,0.0,0.0,0.0,0.0,0.0,0.0,0.0,0.0,0.0,0.0,0.0,0.0,0.0,0.1
Doesburg,0.0,0.0,0.0,0.0,0.0,0.11,0.62,0.0,0.0,0.0,0.0,0.0,0.94,0.0,0.06,0.0,0.0,0.0,0.0,0.0,0.0,0.0,0.0,0.0,0.0,0.0,0.0,0.0,0.0,0.11,0.0,0.0,0.0,0.0,0.0,0.0,0.0,0.0,0.0,0.0,0.0,0.0,0.0
Doetinchem,0.0,0.0,0.15,0.12,0.02,0.43,1.44,0.0,0.0,0.0,0.0,0.39,33.13,0.39,0.06,0.13,0.0,0.0,0.0,0.0,0.0,0.2,0.0,0.0,0.0,0.0,0.34,0.43,0.0,0.53,0.0,0.0,0.03,0.0,0.0,0.0,0.04,0.53,0.0,0.0,1.7,0.0,0.1
Dongen,0.0,0.0,0.0,0.0,0.02,0.0,0.0,0.0,1.2,0.0,0.0,0.0,0.0,0.0,0.12,0.0,0.0,0.0,0.0,0.0,0.0,0.0,0.0,0.0,0.0,0.0,0.0,0.0,0.0,0.0,0.27,0.0,0.05,0.04,0.0,1.65,0.04,0.0,0.0,2.58,0.0,0.0,0.0
Dongeradeel,0.0,0.0,0.0,0.12,0.0,0.11,0.0,0.0,0.0,0.0,0.0,0.0,0.0,0.0,0.0,0.0,0.0,0.22,0.0,0.0,0.61,0.0,0.0,0.0,1.81,0.0,0.0,0.0,0.0,0.0,0.0,0.0,0.0,0.0,0.0,0.0,0.0,0.0,0.0,0.0,0.0,0.0,0.1
Dordrecht,0.0,0.0,0.0,0.25,0.1,0.0,0.0,0.0,0.65,0.57,0.0,0.0,0.0,0.0,0.12,0.0,0.56,0.0,0.0,0.13,0.0,0.0,0.21,0.0,0.0,0.0,0.0,0.0,0.0,0.0,0.0,0.56,2.11,0.64,0.0,0.25,0.5,0.0,0.0,0.37,0.0,0.0,0.0
Drechterland,0.54,0.0,0.0,0.0,0.12,0.0,0.0,0.0,0.0,0.0,0.36,0.0,0.0,0.0,0.0,0.0,0.0,0.0,0.15,0.13,0.0,0.0,0.0,0.0,0.0,0.0,0.0,0.0,0.0,0.0,0.0,0.0,0.0,0.0,0.0,0.0,0.0,0.0,0.0,0.0,0.0,0.37,0.0
Drimmelen,0.0,0.0,0.0,0.0,0.02,0.0,0.0,0.0,2.31,0.0,0.0,0.0,0.0,0.0,0.12,0.0,0.28,0.0,0.0,0.0,0.0,0.0,0.0,0.0,0.0,0.0,0.0,0.0,0.0,0.0,0.0,0.56,0.13,0.07,0.0,0.33,0.04,0.0,0.0,1.11,0.0,0.0,0.0
Dronten,0.0,0.0,1.55,0.12,0.07,0.43,0.21,0.0,0.0,0.0,0.0,0.58,0.0,0.0,0.0,0.13,0.0,0.0,0.0,0.07,0.0,0.0,0.21,0.0,0.0,0.0,9.56,0.0,0.0,0.0,0.0,0.0,0.03,0.0,0.0,0.0,0.08,0.0,0.0,0.0,0.0,0.0,0.81
Druten,0.0,0.0,0.0,0.0,0.02,0.11,0.1,0.0,0.0,0.0,0.0,0.0,0.31,0.2,0.06,0.0,0.0,0.0,0.0,0.0,0.0,0.0,0.0,0.0,0.0,0.0,0.0,0.0,0.0,1.49,0.54,0.0,0.0,0.0,0.0,0.08,0.04,0.18,0.0,0.0,0.57,0.0,0.0
Duiven,0.0,0.0,0.0,0.0,0.02,0.43,2.67,0.0,0.0,0.0,0.0,0.19,1.25,0.59,0.06,0.13,0.0,0.0,0.0,0.0,0.0,0.2,0.0,0.0,0.0,0.0,0.0,0.0,0.0,0.64,0.0,0.0,0.03,0.0,0.0,0.0,0.04,0.0,0.0,0.0,0.57,0.0,0.1
Echt-Susteren,0.0,0.0,0.0,0.0,0.02,0.11,0.0,0.0,0.19,0.0,0.0,0.0,0.0,0.0,0.35,0.0,0.0,0.0,0.0,0.0,0.0,1.21,0.0,0.74,0.0,0.0,0.0,1.01,0.0,0.0,0.0,0.0,0.03,0.0,0.0,0.08,0.0,0.35,0.0,0.0,0.0,0.0,0.0
Edam-Volendam,0.54,0.0,0.15,0.0,0.53,0.0,0.0,0.0,0.0,0.0,0.36,0.0,0.0,0.0,0.0,0.0,0.0,0.0,0.31,0.2,0.0,0.0,0.0,0.0,0.0,0.0,0.0,0.0,0.0,0.0,0.0,0.0,0.0,0.0,0.0,0.0,0.08,0.0,0.0,0.0,0.0,0.74,0.0
Ede,0.0,0.0,0.31,1.12,0.14,1.73,2.67,0.0,0.19,0.0,0.0,0.19,0.63,43.31,0.17,0.38,0.0,0.0,0.0,0.13,0.0,0.0,0.41,0.0,0.0,0.0,0.0,0.14,0.0,1.27,0.27,0.0,0.08,0.04,0.0,0.08,0.5,0.53,0.0,0.0,10.8,0.0,0.1
Eemnes,0.0,0.0,0.15,0.12,0.07,0.0,0.0,0.0,0.0,0.0,0.0,0.0,0.0,0.0,0.0,0.0,0.0,0.0,0.0,0.07,0.0,0.0,0.82,0.0,0.0,0.0,0.0,0.0,0.0,0.0,0.0,0.0,0.0,0.0,0.0,0.0,0.12,0.0,0.0,0.0,0.0,0.0,0.0
Eemsmond,0.0,0.0,0.0,0.0,0.02,0.0,0.0,0.26,0.0,0.0,0.0,0.0,0.0,0.0,0.0,0.0,0.0,1.15,0.0,0.0,0.0,0.0,0.0,0.0,0.0,0.0,0.0,0.0,0.0,0.0,0.0,0.0,0.0,0.0,0.0,0.0,0.0,0.0,0.0,0.0,0.0,0.0,0.0
Eersel,0.0,0.0,0.0,0.0,0.0,0.0,0.0,0.0,0.09,0.0,0.0,0.0,0.0,0.0,0.81,0.0,0.0,0.0,0.0,0.0,0.0,0.0,0.0,0.0,0.0,0.0,0.0,0.0,0.0,0.0,0.0,0.0,0.03,0.04,0.41,0.16,0.0,0.0,0.0,0.0,0.0,0.0,0.0
Eijsden-Margraten,0.0,0.0,0.0,0.0,0.0,0.0,0.0,0.0,0.09,0.0,0.0,0.0,0.0,0.0,0.35,0.0,0.0,0.0,0.0,0.0,0.0,1.41,0.0,0.74,0.0,0.0,0.0,6.5,0.0,0.0,0.0,0.0,0.03,0.0,0.0,0.08,0.04,0.0,0.0,0.0,0.0,0.0,0.0
Eindhoven,0.0,0.25,0.15,0.12,0.24,0.11,0.31,0.0,1.11,0.19,0.0,0.0,0.0,0.2,31.11,0.0,0.28,0.07,0.15,0.2,0.0,1.01,0.21,0.74,0.0,0.0,0.0,2.17,0.0,0.42,2.14,0.84,0.32,0.34,0.41,2.31,0.46,0.89,0.59,1.11,0.0,0.0,0.1
Elburg,0.0,0.0,0.15,0.12,0.03,0.43,0.21,0.0,0.09,0.0,0.0,0.19,0.0,0.2,0.0,0.0,0.0,0.0,0.0,0.0,0.0,0.0,0.0,0.0,0.0,0.0,0.34,0.0,0.0,0.0,0.0,0.0,0.0,0.0,0.0,0.0,0.04,0.0,0.0,0.0,0.0,0.0,0.81
Emmen,0.0,0.49,0.15,0.0,0.05,0.22,0.1,3.93,0.0,0.0,0.0,0.39,0.0,0.0,0.06,0.13,0.0,0.65,0.0,0.0,0.31,0.0,0.21,0.0,0.15,0.0,0.34,0.0,4.97,0.0,0.0,0.0,0.05,0.0,0.0,0.08,0.04,0.0,0.0,0.0,0.0,0.0,2.02
Enkhuizen,0.54,0.0,0.0,0.0,0.12,0.0,0.0,0.0,0.0,0.0,0.36,0.0,0.0,0.0,0.0,0.0,0.0,0.0,0.15,0.07,0.0,0.0,0.0,0.0,0.0,0.0,0.34,0.0,0.0,0.0,0.0,0.0,0.0,0.0,0.0,0.0,0.0,0.0,0.0,0.0,0.0,0.19,0.0
Enschede,0.0,5.9,1.24,0.12,0.07,0.54,1.03,0.0,0.09,0.0,0.0,2.73,0.31,0.2,0.12,49.68,0.0,0.14,0.0,0.07,0.0,0.0,0.0,0.0,0.15,0.0,2.73,0.14,0.0,0.11,0.0,0.0,0.05,0.04,0.0,0.0,0.12,0.0,0.0,0.0,0.0,0.0,1.11
Epe,0.0,0.0,0.15,0.12,0.02,3.68,0.31,0.0,0.0,0.0,0.0,0.58,0.63,0.2,0.06,0.0,0.0,0.0,0.0,0.0,0.0,0.0,0.0,0.0,0.0,0.0,0.0,0.0,0.0,0.11,0.0,0.0,0.0,0.0,0.0,0.0,0.04,0.35,0.0,0.0,0.0,0.0,0.61
Ermelo,0.0,0.0,0.46,0.62,0.03,0.54,0.1,0.0,0.0,0.0,0.0,0.0,0.0,0.39,0.06,0.0,0.0,0.0,0.0,0.07,0.0,0.0,0.21,0.0,0.0,0.0,0.34,0.0,0.0,0.0,0.0,0.0,0.03,0.0,0.0,0.0,0.12,0.0,0.0,0.0,0.0,0.0,0.1
Etten-Leur,0.0,0.0,0.0,0.0,0.03,0.0,0.0,0.0,4.17,0.0,0.0,0.0,0.0,0.0,0.29,0.0,0.0,0.0,0.0,0.0,0.0,0.0,0.0,0.0,0.0,0.0,0.0,0.0,0.0,0.0,0.0,3.34,0.19,0.15,0.0,0.41,0.04,0.0,0.0,0.37,0.0,0.0,0.0
Ferwerderadiel,0.0,0.0,0.0,0.0,0.0,0.0,0.0,0.0,0.0,0.0,0.0,0.0,0.0,0.0,0.0,0.0,0.0,0.07,0.0,0.0,0.31,0.0,0.0,0.0,1.51,0.0,0.0,0.0,0.0,0.0,0.0,0.0,0.0,0.0,0.0,0.0,0.0,0.0,0.0,0.0,0.0,0.0,0.0
Franekeradeel,0.0,0.0,0.0,0.0,0.02,0.0,0.0,0.0,0.0,0.0,0.0,0.0,0.0,0.0,0.0,0.0,0.0,0.14,0.0,0.0,0.92,0.0,0.0,0.0,3.32,0.0,0.0,0.0,0.0,0.0,0.0,0.0,0.0,0.0,0.0,0.0,0.0,0.0,0.0,0.0,0.0,0.0,0.0
Geertruidenberg,0.0,0.0,0.0,0.0,0.02,0.0,0.0,0.0,1.2,0.0,0.0,0.0,0.0,0.0,0.06,0.0,0.28,0.0,0.0,0.0,0.0,0.0,0.0,0.0,0.0,0.0,0.0,0.0,0.0,0.0,0.0,0.28,0.08,0.04,0.0,0.41,0.04,0.0,0.0,1.85,0.0,0.0,0.0
Geldermalsen,0.0,0.0,0.0,0.12,0.05,0.11,0.1,0.0,0.0,0.0,0.0,0.0,0.0,0.2,0.06,0.0,0.0,0.0,0.0,0.07,0.0,0.2,0.0,0.0,0.0,0.0,0.0,0.0,0.0,0.11,0.0,0.0,0.03,0.04,0.0,0.08,0.27,0.18,0.0,0.0,0.0,0.0,0.0
Geldrop-Mierlo,0.0,0.0,0.0,0.0,0.02,0.0,0.0,0.0,0.19,0.0,0.0,0.0,0.0,0.0,3.23,0.0,0.0,0.0,0.0,0.0,0.0,0.0,0.0,0.0,0.0,0.0,0.0,0.14,0.0,0.0,0.27,0.0,0.08,0.04,0.0,0.41,0.04,0.18,0.0,0.0,0.0,0.0,0.0
Gemert-Bakel,0.0,0.0,0.0,0.0,0.0,0.11,0.0,0.0,0.19,0.0,0.0,0.0,0.0,0.0,0.69,0.0,0.0,0.0,0.0,0.0,0.0,0.0,0.0,0.0,0.0,0.0,0.0,0.0,0.0,0.11,0.54,0.28,0.05,0.0,0.0,0.16,0.04,0.18,0.0,0.0,0.0,0.0,0.0
Gennep,0.0,0.0,0.0,0.0,0.0,0.0,0.1,0.0,0.0,0.0,0.0,0.0,0.0,0.0,0.06,0.0,0.0,0.0,0.0,0.0,0.0,0.2,0.0,0.0,0.0,0.0,0.0,0.0,0.0,0.96,0.27,0.0,0.0,0.04,0.0,0.0,0.0,0.35,0.0,0.0,0.0,0.0,0.0
Giessenlanden,0.0,0.0,0.0,0.12,0.02,0.0,0.0,0.0,0.0,0.0,0.0,0.0,0.0,0.0,0.0,0.0,0.0,0.0,0.0,0.0,0.0,0.0,0.0,0.0,0.0,0.0,0.0,0.0,0.0,0.0,0.0,0.0,0.05,0.04,0.0,0.0,0.12,0.0,0.0,0.0,0.0,0.0,0.0
Gilze en Rijen,0.0,0.0,0.0,0.0,0.02,0.0,0.0,0.0,1.76,0.0,0.0,0.0,0.0,0.0,0.17,0.0,0.28,0.0,0.0,0.0,0.0,0.0,0.0,0.0,0.0,0.0,0.0,0.0,0.0,0.0,0.0,0.28,0.08,0.04,0.0,1.73,0.04,0.0,0.0,1.11,0.0,0.0,0.0
Goeree-Overflakkee,0.0,0.0,0.0,0.12,0.02,0.0,0.0,0.0,0.09,0.19,0.0,0.0,0.0,0.0,0.06,0.0,0.28,0.0,0.0,0.0,0.0,0.0,0.0,0.0,0.0,0.0,0.0,0.0,0.0,0.0,0.0,0.28,0.88,0.15,0.41,0.08,0.08,0.0,0.0,0.0,0.0,0.0,0.0
Goes,0.0,0.0,0.0,0.0,0.02,0.0,0.0,0.0,0.28,0.0,0.0,0.0,0.0,0.0,0.06,0.0,0.0,0.0,0.0,0.0,0.0,0.0,0.0,0.0,0.0,0.0,0.0,0.0,0.0,0.0,0.0,0.56,0.19,0.15,1.23,0.08,0.04,0.0,4.14,0.0,0.0,0.0,0.0
Goirle,0.0,0.0,0.0,0.0,0.02,0.0,0.0,0.0,0.46,0.0,0.0,0.0,0.0,0.0,0.23,0.0,0.0,0.0,0.0,0.0,0.0,0.0,0.0,0.0,0.0,0.0,0.0,0.0,0.0,0.0,0.0,0.0,0.05,0.04,0.0,3.54,0.04,0.0,0.0,0.74,0.0,0.0,0.0
Gooise Meren,0.18,0.0,1.08,0.62,0.9,0.11,0.1,0.0,0.0,0.0,0.0,0.0,0.0,0.0,0.06,0.0,0.0,0.0,0.15,0.6,0.0,0.0,3.7,0.0,0.0,0.0,0.34,0.0,0.0,0.11,0.0,0.0,0.05,0.07,0.0,0.0,0.42,0.0,0.0,0.0,0.0,0.19,0.0
Gorinchem,0.0,0.0,0.0,0.12,0.05,0.0,0.0,0.0,0.19,0.19,0.0,0.0,0.0,0.0,0.06,0.0,0.0,0.0,0.0,0.07,0.0,0.0,0.0,0.0,0.0,0.0,0.0,0.0,0.0,0.0,0.0,0.0,0.24,0.07,0.0,0.08,0.42,0.0,0.0,0.37,0.0,0.0,0.0
Gouda,0.0,0.0,0.15,0.37,0.15,0.0,0.0,0.0,0.09,0.57,0.0,0.0,0.0,0.0,0.06,0.0,30.08,0.0,0.15,0.2,0.0,0.0,0.21,0.0,0.0,1.14,0.0,0.0,0.0,0.0,0.0,0.0,0.72,1.01,0.0,0.08,0.58,0.0,0.0,0.0,0.0,0.0,0.0
Grave,0.0,0.0,0.0,0.0,0.0,0.0,0.1,0.0,0.0,0.0,0.0,0.0,0.0,0.0,0.06,0.0,0.0,0.0,0.0,0.0,0.0,0.0,0.0,0.0,0.0,0.0,0.0,0.0,0.0,0.85,0.8,0.0,0.0,0.04,0.0,0.0,0.0,0.18,0.0,0.0,0.0,0.0,0.0
Groningen,0.0,0.25,0.15,0.12,0.17,0.22,0.21,7.07,0.09,0.0,0.0,0.19,0.0,0.2,0.12,0.13,0.0,47.73,0.0,0.07,2.45,0.0,0.21,0.0,2.41,0.0,0.34,0.0,1.1,0.11,0.0,0.0,0.08,0.07,0.0,0.08,0.19,0.0,0.0,0.0,0.0,0.0,0.71
Grootegast,0.0,0.0,0.0,0.0,0.0,0.0,0.0,0.26,0.0,0.0,0.0,0.0,0.0,0.0,0.0,0.0,0.0,0.79,0.0,0.0,0.31,0.0,0.0,0.0,0.15,0.0,0.0,0.0,0.0,0.0,0.0,0.0,0.0,0.0,0.0,0.0,0.0,0.0,0.0,0.0,0.0,0.0,0.0
Gulpen-Wittem,0.0,0.0,0.0,0.0,0.02,0.0,0.0,0.0,0.0,0.0,0.0,0.0,0.0,0.0,0.17,0.0,0.0,0.0,0.0,0.0,0.0,1.81,0.0,1.48,0.0,0.0,0.0,1.16,0.0,0.0,0.0,0.0,0.03,0.0,0.0,0.08,0.0,0.0,0.0,0.0,0.0,0.0,0.0
Haaksbergen,0.0,0.98,0.15,0.0,0.0,0.11,0.1,0.0,0.0,0.0,0.0,0.58,0.31,0.0,0.0,2.53,0.0,0.0,0.0,0.0,0.0,0.0,0.0,0.0,0.0,0.0,0.34,0.0,0.0,0.0,0.0,0.0,0.0,0.0,0.0,0.0,0.0,0.0,0.0,0.0,0.0,0.0,0.1
Haaren,0.0,0.0,0.0,0.0,0.0,0.0,0.0,0.0,0.09,0.0,0.0,0.0,0.0,0.0,0.12,0.0,0.0,0.0,0.0,0.0,0.0,0.0,0.0,0.0,0.0,0.0,0.0,0.0,0.0,0.0,0.27,0.0,0.03,0.0,0.0,0.82,0.04,0.0,0.0,0.37,0.0,0.0,0.0
Haarlem,0.91,0.0,0.31,0.5,2.91,0.0,0.1,0.0,0.09,0.38,1.45,0.0,0.0,0.0,0.06,0.0,0.0,0.0,37.44,6.64,0.0,0.0,0.82,0.0,0.0,0.57,0.0,0.14,0.0,0.11,0.0,0.0,0.21,0.34,0.0,0.08,0.38,0.0,0.0,0.0,0.0,2.05,0.0
Haarlemmerliede en Spaarnwoude,0.0,0.0,0.0,0.0,0.14,0.0,0.0,0.0,0.0,0.0,0.0,0.0,0.0,0.0,0.0,0.0,0.0,0.0,0.92,0.34,0.0,0.0,0.0,0.0,0.0,0.0,0.0,0.0,0.0,0.0,0.0,0.0,0.0,0.0,0.0,0.0,0.04,0.0,0.0,0.0,0.0,0.19,0.0
Haarlemmermeer,0.91,0.0,0.31,0.37,2.72,0.0,0.1,0.0,0.09,0.19,1.45,0.0,0.0,0.0,0.06,0.0,0.28,0.0,7.24,19.71,0.0,0.0,0.41,0.0,0.0,0.57,0.0,0.0,0.0,0.11,0.0,0.0,0.19,0.3,0.0,0.16,0.46,0.0,0.0,0.0,0.0,1.3,0.0
Halderberge,0.0,0.0,0.0,0.0,0.02,0.0,0.0,0.0,1.2,0.0,0.0,0.0,0.0,0.0,0.17,0.0,0.0,0.0,0.0,0.0,0.0,0.0,0.0,0.0,0.0,0.0,0.0,0.0,0.0,0.0,0.0,6.13,0.13,0.07,0.0,0.16,0.04,0.0,0.0,0.0,0.0,0.0,0.0
Hardenberg,0.0,1.72,0.15,0.0,0.02,0.22,0.1,0.52,0.0,0.0,0.0,0.78,0.0,0.0,0.0,0.38,0.0,0.07,0.0,0.0,0.0,0.0,0.0,0.0,0.0,0.0,0.34,0.0,2.21,0.0,0.0,0.0,0.03,0.0,0.0,0.0,0.04,0.0,0.0,0.0,0.0,0.0,2.52
Harderwijk,0.0,0.0,0.93,0.99,0.07,1.19,0.51,0.0,0.0,0.0,0.0,0.19,0.0,0.59,0.06,0.0,0.0,0.0,0.15,0.13,0.0,0.0,0.21,0.0,0.0,0.0,1.37,0.0,0.0,0.0,0.0,0.0,0.03,0.0,0.0,0.0,0.15,0.0,0.0,0.0,0.57,0.0,0.3
Hardinxveld-Giessendam,0.0,0.0,0.0,0.0,0.0,0.0,0.0,0.0,0.0,0.0,0.0,0.0,0.0,0.0,0.0,0.0,0.28,0.0,0.0,0.0,0.0,0.0,0.0,0.0,0.0,0.0,0.0,0.0,0.0,0.0,0.0,0.0,0.13,0.04,0.0,0.0,0.08,0.0,0.0,0.0,0.0,0.0,0.0
Haren,0.0,0.0,0.0,0.0,0.02,0.0,0.0,1.05,0.0,0.0,0.0,0.0,0.0,0.0,0.0,0.0,0.0,2.96,0.0,0.0,0.0,0.0,0.0,0.0,0.15,0.0,0.0,0.0,0.0,0.0,0.0,0.0,0.0,0.0,0.0,0.0,0.0,0.0,0.0,0.0,0.0,0.0,0.1
Harlingen,0.0,0.0,0.0,0.0,0.02,0.0,0.0,0.0,0.0,0.0,0.36,0.0,0.0,0.0,0.0,0.0,0.0,0.07,0.0,0.0,0.61,0.0,0.0,0.0,1.51,0.0,0.0,0.0,0.0,0.0,0.0,0.0,0.0,0.0,0.0,0.0,0.0,0.0,0.0,0.0,0.0,0.0,0.0
Hattem,0.0,0.0,0.0,0.0,0.0,0.32,0.0,0.0,0.0,0.0,0.0,0.19,0.0,0.0,0.0,0.0,0.0,0.0,0.0,0.0,0.0,0.0,0.0,0.0,0.0,0.0,0.0,0.0,0.0,0.0,0.0,0.0,0.0,0.0,0.0,0.0,0.0,0.0,0.0,0.0,0.0,0.0,1.51
Heemskerk,1.27,0.0,0.0,0.12,0.44,0.0,0.0,0.0,0.0,0.0,0.36,0.0,0.0,0.0,0.0,0.0,0.0,0.0,1.39,0.74,0.0,0.0,0.0,0.0,0.0,0.0,0.0,0.0,0.0,0.0,0.0,0.0,0.03,0.04,0.0,0.0,0.04,0.0,0.0,0.0,0.0,2.05,0.0
Heemstede,0.0,0.0,0.0,0.0,0.37,0.0,0.0,0.0,0.0,0.0,0.0,0.0,0.0,0.0,0.0,0.0,0.0,0.0,3.39,1.14,0.0,0.0,0.0,0.0,0.0,0.0,0.0,0.0,0.0,0.0,0.0,0.0,0.03,0.07,0.0,0.0,0.04,0.0,0.0,0.0,0.0,0.19,0.0
Heerde,0.0,0.0,0.15,0.0,0.02,0.87,0.1,0.0,0.0,0.0,0.0,0.39,0.0,0.0,0.0,0.0,0.0,0.0,0.0,0.0,0.0,0.0,0.0,0.0,0.0,0.0,0.0,0.0,0.0,0.0,0.0,0.0,0.0,0.0,0.0,0.0,0.04,0.0,0.0,0.0,0.0,0.0,1.21
Heerenveen,0.0,0.0,0.15,0.0,0.02,0.11,0.1,0.26,0.0,0.0,0.0,0.19,0.0,0.0,0.0,0.0,0.0,0.72,0.0,0.0,30.28,0.0,0.0,0.0,3.02,0.0,0.34,0.0,1.1,0.0,0.0,0.0,0.03,0.0,0.0,0.0,0.04,0.0,0.0,0.0,0.0,0.0,0.4
Heerhugowaard,9.42,0.0,0.0,0.0,0.43,0.0,0.0,0.0,0.0,0.0,1.81,0.0,0.0,0.0,0.0,0.0,0.0,0.0,0.77,0.54,0.0,0.0,0.0,0.0,0.0,0.0,0.0,0.0,0.0,0.0,0.0,0.0,0.03,0.04,0.0,0.0,0.04,0.0,0.0,0.0,0.0,1.49,0.0
Heerlen,0.0,0.0,0.0,0.0,0.03,0.11,0.31,0.0,0.46,0.0,0.0,0.0,0.0,0.0,1.27,0.0,0.0,0.0,0.0,0.0,0.0,27.36,0.0,21.48,0.0,0.0,0.0,3.9,0.0,0.0,0.0,0.0,0.11,0.04,0.0,0.08,0.04,0.35,0.0,0.0,0.0,0.0,0.1
Heeze-Leende,0.0,0.0,0.0,0.0,0.0,0.0,0.0,0.0,0.09,0.0,0.0,0.0,0.0,0.0,0.92,0.0,0.0,0.0,0.0,0.0,0.0,0.0,0.0,0.0,0.0,0.0,0.0,0.0,0.0,0.0,0.0,0.0,0.03,0.04,0.0,0.08,0.0,0.18,0.0,0.0,0.0,0.0,0.0
Heiloo,3.8,0.0,0.0,0.0,0.26,0.0,0.0,0.0,0.0,0.0,0.36,0.0,0.0,0.0,0.0,0.0,0.0,0.0,0.46,0.27,0.0,0.0,0.0,0.0,0.0,0.0,0.0,0.0,0.0,0.0,0.0,0.0,0.03,0.0,0.0,0.0,0.04,0.0,0.0,0.0,0.0,0.56,0.0
Hellendoorn,0.0,4.18,0.0,0.0,0.0,0.22,0.21,0.0,0.0,0.0,0.0,1.75,0.0,0.0,0.0,0.88,0.0,0.07,0.0,0.0,0.0,0.0,0.0,0.0,0.0,0.0,0.34,0.0,0.0,0.0,0.0,0.0,0.0,0.0,0.0,0.0,0.0,0.0,0.0,0.0,0.0,0.0,0.91
Hellevoetsluis,0.0,0.0,0.0,0.12,0.03,0.0,0.0,0.0,0.0,0.38,0.0,0.0,0.0,0.0,0.12,0.0,0.28,0.0,0.0,0.07,0.0,0.0,0.0,0.0,0.0,1.14,0.0,0.0,0.0,0.0,0.0,0.0,1.39,0.19,0.41,0.08,0.08,0.0,0.0,0.0,0.0,0.0,0.0
Helmond,0.0,0.0,0.0,0.0,0.05,0.32,0.1,0.0,0.83,0.0,0.0,0.0,0.0,0.0,4.03,0.0,0.0,0.0,0.0,0.07,0.0,0.2,0.21,0.0,0.0,0.0,0.0,0.29,0.0,0.11,0.27,0.28,0.11,0.04,0.0,0.66,0.12,0.53,0.0,0.37,0.0,0.0,0.0
Hendrik-Ido-Ambacht,0.0,0.0,0.0,0.0,0.02,0.0,0.0,0.0,0.09,0.19,0.0,0.0,0.0,0.0,0.0,0.0,0.28,0.0,0.0,0.0,0.0,0.0,0.0,0.0,0.0,0.0,0.0,0.0,0.0,0.0,0.0,0.0,0.72,0.11,0.0,0.0,0.12,0.0,0.0,0.0,0.0,0.0,0.0
Hengelo,0.0,4.42,0.31,0.12,0.03,0.32,0.62,0.0,0.09,0.0,0.0,1.36,0.0,0.0,0.06,10.62,0.0,0.07,0.0,0.07,0.0,0.0,0.0,0.0,0.0,0.0,0.68,0.0,0.0,0.11,0.0,0.0,0.03,0.0,0.0,0.0,0.04,0.0,0.0,0.0,0.0,0.0,0.71
het Bildt,0.0,0.0,0.0,0.0,0.0,0.0,0.0,0.0,0.0,0.0,0.0,0.0,0.0,0.0,0.0,0.0,0.0,0.07,0.0,0.0,0.92,0.0,0.0,0.0,1.81,0.0,0.0,0.0,0.0,0.0,0.0,0.0,0.0,0.0,0.0,0.0,0.0,0.0,0.0,0.0,0.0,0.0,0.0
Heumen,0.0,0.0,0.0,0.0,0.02,0.11,0.21,0.0,0.0,0.0,0.0,0.0,0.0,0.2,0.06,0.0,0.0,0.0,0.0,0.0,0.0,0.0,0.0,0.0,0.0,0.0,0.0,0.0,0.0,2.76,0.27,0.0,0.0,0.0,0.0,0.0,0.0,0.18,0.0,0.0,0.0,0.0,0.0
Heusden,0.0,0.0,0.0,0.0,0.03,0.0,0.0,0.0,0.74,0.0,0.0,0.0,0.0,0.0,0.35,0.0,0.0,0.0,0.0,0.07,0.0,0.0,0.0,0.0,0.0,0.0,0.0,0.0,0.0,0.11,0.54,0.28,0.11,0.04,0.0,0.99,0.12,0.0,0.0,8.49,0.0,0.0,0.0
Hillegom,0.18,0.0,0.0,0.0,0.15,0.0,0.0,0.0,0.0,0.0,0.0,0.0,0.0,0.0,0.0,0.0,0.0,0.0,0.77,1.14,0.0,0.0,0.0,0.0,0.0,0.0,0.0,0.0,0.0,0.0,0.0,0.0,0.03,0.07,0.0,0.0,0.08,0.0,0.0,0.0,0.0,0.0,0.0
Hilvarenbeek,0.0,0.0,0.0,0.0,0.0,0.0,0.0,0.0,0.19,0.0,0.0,0.0,0.0,0.0,0.23,0.0,0.0,0.0,0.0,0.0,0.0,0.0,0.0,0.0,0.0,0.0,0.0,0.0,0.0,0.0,0.0,0.0,0.03,0.0,0.0,1.73,0.0,0.0,0.0,0.37,0.0,0.0,0.0
Hilversum,0.18,0.0,1.08,1.61,1.14,0.11,0.1,0.0,0.09,0.0,0.0,0.0,0.0,0.2,0.06,0.0,0.0,0.0,0.15,0.74,0.0,0.0,27.52,0.0,0.0,0.0,0.34,0.0,0.0,0.11,0.0,0.0,0.08,0.11,0.0,0.08,1.07,0.0,0.0,0.0,0.0,0.19,0.1
Hof van Twente,0.0,2.46,0.15,0.0,0.02,0.22,0.1,0.0,0.0,0.0,0.0,1.17,0.0,0.0,0.0,2.02,0.0,0.0,0.0,0.0,0.0,0.0,0.0,0.0,0.0,0.0,0.34,0.0,0.0,0.0,0.0,0.0,0.0,0.0,0.0,0.0,0.0,0.0,0.0,0.0,0.0,0.0,0.2
Hollands Kroon,3.08,0.0,0.0,0.0,0.17,0.0,0.0,0.0,0.0,0.0,9.42,0.0,0.0,0.0,0.0,0.0,0.0,0.0,0.31,0.13,0.0,0.0,0.0,0.0,0.0,0.0,0.0,0.0,0.0,0.0,0.0,0.0,0.03,0.04,0.0,0.0,0.0,0.0,0.0,0.0,0.0,0.37,0.0
Hoogeveen,0.0,0.49,0.0,0.0,0.02,0.11,0.1,2.62,0.0,0.0,0.0,0.19,0.0,0.0,0.0,0.13,0.0,0.29,0.0,0.0,0.0,0.0,0.0,0.0,0.15,0.0,0.0,0.0,7.18,0.0,0.0,0.0,0.03,0.0,0.0,0.08,0.04,0.0,0.0,0.0,0.0,0.0,1.61
Hoogezand-Sappemeer,0.0,0.0,0.0,0.0,0.0,0.0,0.0,1.31,0.0,0.0,0.0,0.0,0.0,0.0,0.0,0.0,0.0,3.24,0.0,0.0,0.0,0.0,0.0,0.0,0.0,0.0,0.0,0.0,0.55,0.0,0.0,0.0,0.0,0.0,0.0,0.0,0.0,0.0,0.0,0.0,0.0,0.0,0.1
Hoorn,4.71,0.0,0.15,0.0,0.94,0.0,0.0,0.0,0.0,0.0,1.09,0.0,0.0,0.0,0.0,0.0,0.0,0.0,0.46,0.74,0.0,0.0,0.21,0.0,0.0,0.0,0.34,0.0,0.0,0.0,0.0,0.0,0.03,0.04,0.0,0.0,0.08,0.0,0.0,0.0,0.0,1.86,0.0
Horst aan de Maas,0.0,0.0,0.0,0.0,0.0,0.0,0.0,0.0,0.0,0.0,0.0,0.0,0.0,0.0,0.29,0.0,0.0,0.0,0.0,0.0,0.0,0.2,0.0,0.74,0.0,0.0,0.0,0.43,0.0,0.21,0.0,0.0,0.03,0.0,0.0,0.08,0.0,8.16,0.0,0.0,0.0,0.0,0.0
Houten,0.0,0.0,0.15,0.74,0.24,0.0,0.1,0.0,0.09,0.0,0.0,0.0,0.0,0.2,0.06,0.0,0.28,0.0,0.0,0.13,0.0,0.0,0.82,0.0,0.0,0.0,0.0,0.0,0.0,0.0,0.0,0.0,0.08,0.11,0.0,0.08,2.49,0.0,0.0,0.0,0.0,0.0,0.0
Huizen,0.0,0.0,1.08,0.62,0.49,0.11,0.1,0.0,0.0,0.0,0.0,0.0,0.0,0.0,0.0,0.0,0.0,0.0,0.15,0.34,0.0,0.0,3.29,0.0,0.0,0.0,0.34,0.0,0.0,0.0,0.0,0.0,0.03,0.04,0.0,0.08,0.31,0.0,0.0,0.0,0.0,0.19,0.0
Hulst,0.0,0.0,0.0,0.0,0.0,0.0,0.0,0.0,0.09,0.0,0.0,0.0,0.0,0.0,0.0,0.0,0.0,0.0,0.0,0.0,0.0,0.0,0.0,0.0,0.0,0.0,0.0,0.0,0.0,0.0,0.0,0.0,0.11,0.04,12.3,0.08,0.0,0.0,0.59,0.0,0.0,0.0,0.0
IJsselstein,0.0,0.0,0.15,0.62,0.14,0.0,0.0,0.0,0.0,0.0,0.0,0.0,0.0,0.0,0.0,0.0,0.28,0.0,0.0,0.13,0.0,0.0,0.82,0.0,0.0,0.0,0.0,0.0,0.0,0.0,0.0,0.0,0.08,0.07,0.0,0.08,1.5,0.0,0.0,0.0,0.0,0.0,0.0
Kaag en Braassem,0.0,0.0,0.0,0.0,0.12,0.0,0.0,0.0,0.0,0.19,0.0,0.0,0.0,0.0,0.0,0.0,0.28,0.0,0.15,0.94,0.0,0.0,0.0,0.0,0.0,0.57,0.0,0.0,0.0,0.0,0.0,0.0,0.05,0.19,0.0,0.08,0.08,0.0,0.0,0.0,0.0,0.19,0.0
Kampen,0.0,0.25,0.31,0.25,0.03,0.54,0.1,0.0,0.0,0.0,0.0,1.36,0.0,0.2,0.0,0.38,0.0,0.07,0.0,0.0,0.31,0.0,0.0,0.0,0.0,0.0,1.71,0.0,0.55,0.0,0.0,0.0,0.0,0.0,0.0,0.08,0.08,0.18,0.0,0.0,0.0,0.0,4.34
Kapelle,0.0,0.0,0.0,0.0,0.0,0.0,0.0,0.0,0.09,0.0,0.0,0.0,0.0,0.0,0.0,0.0,0.0,0.0,0.0,0.0,0.0,0.0,0.0,0.0,0.0,0.0,0.0,0.0,0.0,0.0,0.0,0.28,0.05,0.04,0.41,0.0,0.0,0.0,1.18,0.0,0.0,0.0,0.0
Katwijk,0.0,0.0,0.0,0.12,0.12,0.22,0.0,0.0,0.0,0.19,0.0,0.0,0.0,0.0,0.0,0.0,0.28,0.0,0.15,0.54,0.0,0.0,0.0,0.0,0.0,1.14,0.0,0.0,0.0,0.0,0.0,0.0,0.13,0.67,0.0,0.08,0.5,0.0,0.0,0.0,0.0,0.0,0.0
Kerkrade,0.0,0.0,0.0,0.0,0.02,0.0,0.1,0.0,0.28,0.0,0.0,0.0,0.0,0.0,0.69,0.0,0.0,0.0,0.0,0.0,0.0,7.44,0.0,34.07,0.0,0.0,0.0,1.45,0.0,0.0,0.0,0.0,0.05,0.0,0.0,0.08,0.04,0.18,0.0,0.0,0.0,0.0,0.0
Koggenland,1.99,0.0,0.0,0.0,0.17,0.0,0.0,0.0,0.0,0.0,0.36,0.0,0.0,0.0,0.0,0.0,0.0,0.0,0.15,0.2,0.0,0.0,0.0,0.0,0.0,0.0,0.0,0.0,0.0,0.0,0.0,0.0,0.0,0.0,0.0,0.0,0.0,0.0,0.0,0.0,0.0,0.56,0.0
Kollumerland en Nieuwkruisland,0.0,0.0,0.0,0.0,0.0,0.0,0.0,0.0,0.0,0.0,0.0,0.0,0.0,0.0,0.0,0.0,0.0,0.29,0.0,0.0,0.31,0.0,0.0,0.0,0.9,0.0,0.0,0.0,0.0,0.0,0.0,0.0,0.0,0.0,0.0,0.0,0.0,0.0,0.0,0.0,0.0,0.0,0.0
Korendijk,0.0,0.0,0.0,0.0,0.0,0.0,0.0,0.0,0.0,0.0,0.0,0.0,0.0,0.0,0.0,0.0,0.0,0.0,0.0,0.0,0.0,0.0,0.0,0.0,0.0,0.0,0.0,0.0,0.0,0.0,0.0,0.0,0.24,0.04,0.0,0.0,0.04,0.0,0.0,0.0,0.0,0.0,0.0
Krimpen aan den IJssel,0.0,0.0,0.0,0.12,0.02,0.0,0.0,0.0,0.0,0.19,0.0,0.0,0.0,0.0,0.0,0.0,1.11,0.0,0.0,0.0,0.0,0.0,0.0,0.0,0.0,0.0,0.0,0.0,0.0,0.0,0.0,0.0,0.96,0.19,0.0,0.0,0.08,0.0,0.0,0.0,0.0,0.0,0.0
Krimpenerwaard,0.0,0.0,0.0,0.12,0.07,0.0,0.0,0.0,0.09,0.19,0.0,0.0,0.0,0.0,0.0,0.0,6.69,0.0,0.0,0.07,0.0,0.0,0.0,0.0,0.0,0.0,0.0,0.0,0.0,0.0,0.0,0.0,0.77,0.37,0.0,0.0,0.31,0.0,0.0,0.0,0.0,0.0,0.0
Laarbeek,0.0,0.0,0.0,0.0,0.0,0.0,0.0,0.0,0.19,0.0,0.0,0.0,0.0,0.0,0.86,0.0,0.0,0.0,0.0,0.0,0.0,0.0,0.0,0.0,0.0,0.0,0.0,0.0,0.0,0.0,0.27,0.0,0.05,0.0,0.0,0.16,0.04,0.0,0.0,0.0,0.0,0.0,0.0
Landerd,0.0,0.0,0.0,0.0,0.0,0.0,0.0,0.0,0.0,0.0,0.0,0.0,0.0,0.0,0.12,0.0,0.0,0.0,0.0,0.0,0.0,0.0,0.0,0.0,0.0,0.0,0.0,0.0,0.0,0.21,2.68,0.0,0.0,0.04,0.0,0.08,0.0,0.0,0.0,0.0,0.0,0.0,0.0
Landgraaf,0.0,0.0,0.0,0.0,0.02,0.0,0.1,0.0,0.19,0.0,0.0,0.0,0.0,0.0,0.58,0.0,0.0,0.0,0.0,0.0,0.0,8.25,0.0,9.63,0.0,0.0,0.0,1.3,0.0,0.0,0.0,0.0,0.05,0.0,0.0,0.0,0.0,0.18,0.0,0.0,0.0,0.0,0.0
Landsmeer,0.0,0.0,0.0,0.0,0.41,0.0,0.0,0.0,0.0,0.0,0.0,0.0,0.0,0.0,0.0,0.0,0.0,0.0,0.15,0.2,0.0,0.0,0.0,0.0,0.0,0.0,0.0,0.0,0.0,0.0,0.0,0.0,0.0,0.0,0.0,0.0,0.0,0.0,0.0,0.0,0.0,0.56,0.0
Langedijk,5.8,0.0,0.0,0.0,0.15,0.0,0.0,0.0,0.0,0.0,0.72,0.0,0.0,0.0,0.0,0.0,0.0,0.0,0.31,0.2,0.0,0.0,0.0,0.0,0.0,0.0,0.0,0.0,0.0,0.0,0.0,0.0,0.03,0.0,0.0,0.0,0.0,0.0,0.0,0.0,0.0,0.74,0.0
Lansingerland,0.0,0.0,0.0,0.12,0.07,0.0,0.0,0.0,0.09,1.92,0.0,0.0,0.0,0.0,0.06,0.0,0.56,0.0,0.0,0.2,0.0,0.0,0.0,0.0,0.0,1.14,0.0,0.0,0.0,0.0,0.0,0.0,1.81,0.97,0.0,0.08,0.27,0.0,0.0,0.0,0.0,0.0,0.0
Laren,0.0,0.0,0.15,0.12,0.12,0.0,0.0,0.0,0.0,0.0,0.0,0.0,0.0,0.0,0.0,0.0,0.0,0.0,0.0,0.07,0.0,0.0,0.82,0.0,0.0,0.0,0.0,0.0,0.0,0.0,0.0,0.0,0.0,0.0,0.0,0.0,0.08,0.0,0.0,0.0,0.0,0.0,0.0
Leek,0.0,0.0,0.0,0.0,0.0,0.0,0.0,0.79,0.0,0.0,0.0,0.0,0.0,0.0,0.0,0.0,0.0,1.73,0.0,0.0,0.31,0.0,0.0,0.0,0.15,0.0,0.0,0.0,0.55,0.0,0.0,0.0,0.0,0.0,0.0,0.0,0.0,0.0,0.0,0.0,0.0,0.0,0.1
Leerdam,0.0,0.0,0.0,0.25,0.03,0.0,0.0,0.0,0.0,0.0,0.0,0.0,0.0,0.0,0.0,0.0,0.0,0.0,0.0,0.0,0.0,0.0,0.0,0.0,0.0,0.0,0.0,0.0,0.0,0.0,0.0,0.0,0.08,0.04,0.0,0.0,0.35,0.0,0.0,0.0,0.0,0.0,0.0
Leeuwarden,0.18,0.0,0.0,0.12,0.07,0.22,0.1,0.26,0.09,0.0,0.0,0.19,0.0,0.0,0.06,0.13,0.0,0.94,0.0,0.07,7.34,0.0,0.0,0.0,47.96,0.0,0.34,0.0,0.55,0.0,0.0,0.0,0.05,0.04,0.0,0.16,0.08,0.0,0.0,0.0,0.0,0.0,0.3
Leeuwarderadeel,0.0,0.0,0.0,0.0,0.0,0.0,0.0,0.0,0.0,0.0,0.0,0.0,0.0,0.0,0.0,0.0,0.0,0.07,0.0,0.0,0.92,0.0,0.0,0.0,3.17,0.0,0.0,0.0,0.0,0.0,0.0,0.0,0.0,0.0,0.0,0.0,0.0,0.0,0.0,0.0,0.0,0.0,0.0
Leiden,0.0,0.0,0.15,0.25,0.7,0.0,0.1,0.0,0.09,1.53,0.0,0.0,0.0,0.0,0.06,0.0,1.11,0.07,0.62,1.34,0.0,0.0,0.21,0.0,0.0,2.86,0.0,0.14,0.0,0.11,0.0,0.0,0.56,2.85,0.0,0.25,0.96,0.0,0.0,0.0,0.0,0.0,0.0
Leiderdorp,0.0,0.0,0.15,0.0,0.1,0.0,0.0,0.0,0.0,0.38,0.0,0.0,0.0,0.0,0.0,0.0,0.28,0.0,0.15,0.34,0.0,0.0,0.0,0.0,0.0,0.57,0.0,0.0,0.0,0.0,0.0,0.0,0.13,0.41,0.0,0.08,0.19,0.0,0.0,0.0,0.0,0.0,0.0
Leidschendam-Voorburg,0.0,0.0,0.0,0.12,0.19,0.0,0.0,0.0,0.09,1.53,0.0,0.0,0.0,0.0,0.06,0.0,0.28,0.07,0.15,0.47,0.0,0.0,0.0,0.0,0.0,25.14,0.0,0.0,0.0,0.0,0.0,0.0,0.4,4.31,0.0,0.16,0.61,0.0,0.0,0.0,0.0,0.0,0.0
Lelystad,0.0,0.49,7.12,0.25,0.44,1.62,0.51,0.0,0.09,0.0,0.0,0.19,0.31,0.39,0.06,0.25,0.0,0.07,0.15,0.4,0.0,0.0,0.62,0.0,0.0,0.0,45.39,0.0,0.0,0.11,0.0,0.0,0.05,0.04,0.0,0.08,0.15,0.18,0.0,0.0,0.57,0.0,0.5
Leudal,0.0,0.0,0.0,0.0,0.02,0.11,0.0,0.0,0.09,0.0,0.0,0.0,0.0,0.0,0.35,0.0,0.0,0.0,0.0,0.0,0.0,0.4,0.0,0.0,0.0,0.0,0.0,0.72,0.0,0.0,0.0,0.0,0.03,0.0,0.0,0.08,0.04,1.6,0.0,0.0,0.0,0.0,0.0
Leusden,0.0,0.0,0.15,4.22,0.14,0.11,0.1,0.0,0.0,0.0,0.0,0.0,0.0,0.39,0.0,0.0,0.0,0.0,0.0,0.2,0.0,0.0,0.62,0.0,0.0,0.0,0.0,0.0,0.0,0.0,0.0,0.0,0.03,0.04,0.0,0.0,0.5,0.0,0.0,0.0,0.0,0.0,0.0
Lingewaal,0.0,0.0,0.0,0.12,0.02,0.0,0.0,0.0,0.0,0.0,0.0,0.0,0.0,0.0,0.0,0.0,0.0,0.0,0.0,0.0,0.0,0.0,0.0,0.0,0.0,0.0,0.0,0.0,0.0,0.0,0.0,0.0,0.03,0.0,0.0,0.0,0.12,0.0,0.0,0.0,0.0,0.0,0.0
Lingewaard,0.0,0.0,0.0,0.12,0.03,0.54,4.63,0.0,0.09,0.0,0.0,0.19,0.94,0.79,0.12,0.13,0.0,0.0,0.0,0.0,0.0,0.0,0.0,0.0,0.0,0.0,0.0,0.0,0.0,2.87,0.27,0.0,0.03,0.0,0.0,0.08,0.08,0.18,0.0,0.0,1.7,0.0,0.1
Lisse,0.0,0.0,0.0,0.0,0.12,0.0,0.0,0.0,0.0,0.0,0.0,0.0,0.0,0.0,0.0,0.0,0.0,0.0,0.31,0.94,0.0,0.0,0.0,0.0,0.0,0.0,0.0,0.0,0.0,0.0,0.0,0.0,0.05,0.15,0.0,0.0,0.15,0.0,0.0,0.0,0.0,0.0,0.0
Littenseradiel,0.0,0.0,0.0,0.0,0.0,0.0,0.0,0.0,0.0,0.0,0.0,0.0,0.0,0.0,0.0,0.0,0.0,0.07,0.0,0.0,0.92,0.0,0.0,0.0,1.96,0.0,0.0,0.0,0.0,0.0,0.0,0.0,0.0,0.0,0.0,0.0,0.0,0.0,0.0,0.0,0.0,0.0,0.0
Lochem,0.0,0.25,0.0,0.12,0.02,0.65,0.41,0.0,0.0,0.0,0.0,2.92,0.94,0.0,0.06,0.25,0.0,0.0,0.0,0.0,0.0,0.0,0.0,0.0,0.0,0.0,0.0,0.14,0.0,0.21,0.0,0.0,0.0,0.0,0.0,0.0,0.04,0.18,0.0,0.0,0.0,0.0,0.2
Loon op Zand,0.0,0.0,0.0,0.0,0.02,0.0,0.0,0.0,0.46,0.0,0.0,0.0,0.0,0.0,0.17,0.0,0.0,0.0,0.0,0.0,0.0,0.0,0.0,0.0,0.0,0.0,0.0,0.0,0.0,0.0,0.27,0.28,0.05,0.0,0.0,1.57,0.04,0.0,0.0,8.12,0.0,0.0,0.0
Lopik,0.0,0.0,0.0,0.12,0.02,0.0,0.0,0.0,0.0,0.0,0.0,0.0,0.0,0.0,0.0,0.0,0.28,0.0,0.0,0.0,0.0,0.0,0.0,0.0,0.0,0.0,0.0,0.0,0.0,0.0,0.0,0.0,0.03,0.04,0.0,0.0,0.35,0.0,0.0,0.0,0.0,0.0,0.0
Loppersum,0.0,0.0,0.0,0.0,0.0,0.0,0.0,0.26,0.0,0.0,0.0,0.0,0.0,0.0,0.0,0.0,0.0,1.01,0.0,0.0,0.0,0.0,0.0,0.0,0.0,0.0,0.0,0.0,0.0,0.0,0.0,0.0,0.0,0.0,0.0,0.0,0.0,0.0,0.0,0.0,0.0,0.0,0.0
Losser,0.0,0.74,0.15,0.0,0.0,0.11,0.1,0.0,0.0,0.0,0.0,0.39,0.0,0.0,0.0,2.91,0.0,0.0,0.0,0.0,0.0,0.0,0.0,0.0,0.0,0.0,0.34,0.0,0.0,0.0,0.0,0.0,0.0,0.0,0.0,0.0,0.0,0.0,0.0,0.0,0.0,0.0,0.1
Maasdriel,0.0,0.0,0.0,0.0,0.02,0.0,0.0,0.0,0.19,0.0,0.0,0.0,0.0,0.0,0.12,0.0,0.0,0.0,0.0,0.0,0.0,0.2,0.0,0.0,0.0,0.0,0.0,0.0,0.0,0.11,0.54,0.0,0.03,0.04,0.0,0.16,0.08,0.0,0.0,0.37,0.0,0.0,0.0
Maasgouw,0.0,0.0,0.0,0.0,0.0,0.11,0.0,0.0,0.09,0.0,0.0,0.0,0.0,0.0,0.29,0.0,0.0,0.0,0.0,0.0,0.0,0.4,0.0,0.74,0.0,0.0,0.0,0.58,0.0,0.0,0.0,0.0,0.03,0.0,0.0,0.08,0.0,0.53,0.0,0.0,0.0,0.0,0.0
Maassluis,0.0,0.0,0.0,0.0,0.03,0.0,0.0,0.0,0.0,0.96,0.0,0.0,0.0,0.0,0.0,0.0,0.28,0.0,0.0,0.07,0.0,0.0,0.0,0.0,0.0,0.57,0.0,0.0,0.0,0.0,0.0,0.0,0.61,0.41,0.0,0.0,0.12,0.0,0.0,0.0,0.0,0.0,0.0
Maastricht,0.0,0.0,0.0,0.0,0.07,0.11,0.1,0.0,0.46,0.0,0.0,0.0,0.0,0.0,1.44,0.0,0.0,0.0,0.0,0.07,0.0,4.63,0.0,3.7,0.0,0.0,0.0,41.76,0.0,0.21,0.0,0.28,0.13,0.04,0.0,0.25,0.12,0.35,0.0,0.0,0.0,0.0,0.0
Marum,0.0,0.0,0.0,0.0,0.0,0.0,0.0,0.26,0.0,0.0,0.0,0.0,0.0,0.0,0.0,0.0,0.0,0.72,0.0,0.0,0.61,0.0,0.0,0.0,0.15,0.0,0.0,0.0,0.0,0.0,0.0,0.0,0.0,0.0,0.0,0.0,0.0,0.0,0.0,0.0,0.0,0.0,0.0
Medemblik,1.81,0.0,0.0,0.0,0.27,0.0,0.0,0.0,0.0,0.0,1.09,0.0,0.0,0.0,0.0,0.0,0.0,0.0,0.15,0.2,0.0,0.0,0.21,0.0,0.0,0.0,0.0,0.0,0.0,0.0,0.0,0.0,0.03,0.0,0.0,0.0,0.04,0.0,0.0,0.0,0.0,0.56,0.0
Meerssen,0.0,0.0,0.0,0.0,0.0,0.0,0.0,0.0,0.09,0.0,0.0,0.0,0.0,0.0,0.29,0.0,0.0,0.0,0.0,0.0,0.0,0.8,0.0,0.74,0.0,0.0,0.0,4.19,0.0,0.0,0.0,0.0,0.03,0.0,0.0,0.08,0.0,0.0,0.0,0.0,0.0,0.0,0.0
Menameradiel,0.0,0.0,0.0,0.0,0.0,0.0,0.0,0.0,0.0,0.0,0.0,0.0,0.0,0.0,0.0,0.0,0.0,0.07,0.0,0.0,0.92,0.0,0.0,0.0,4.07,0.0,0.0,0.0,0.0,0.0,0.0,0.0,0.0,0.0,0.0,0.0,0.0,0.0,0.0,0.0,0.0,0.0,0.0
Menterwolde,0.0,0.0,0.15,0.0,0.0,0.0,0.0,0.52,0.0,0.0,0.0,0.0,0.0,0.0,0.0,0.0,0.0,0.79,0.0,0.0,0.0,0.0,0.0,0.0,0.0,0.0,0.0,0.0,0.0,0.0,0.0,0.0,0.0,0.0,0.0,0.0,0.0,0.0,0.0,0.0,0.0,0.0,0.0
Meppel,0.0,0.25,0.15,0.0,0.02,0.32,0.1,0.52,0.0,0.0,0.0,0.19,0.0,0.0,0.0,0.13,0.0,0.07,0.0,0.0,0.31,0.0,0.0,0.0,0.15,0.0,0.0,0.0,29.83,0.0,0.0,0.0,0.03,0.0,0.0,0.08,0.04,0.0,0.0,0.0,0.0,0.0,2.42
Middelburg,0.0,0.0,0.0,0.0,0.02,0.0,0.0,0.0,0.28,0.0,0.0,0.0,0.0,0.0,0.06,0.0,0.0,0.0,0.0,0.0,0.0,0.0,0.0,0.0,0.0,0.0,0.0,0.0,0.0,0.0,0.0,0.56,0.29,0.22,2.05,0.08,0.04,0.0,21.3,0.0,0.0,0.0,0.0
Midden-Delfland,0.0,0.0,0.0,0.0,0.02,0.0,0.0,0.0,0.0,3.45,0.0,0.0,0.0,0.0,0.0,0.0,0.0,0.0,0.0,0.07,0.0,0.0,0.0,0.0,0.0,0.0,0.0,0.0,0.0,0.0,0.0,0.0,0.19,0.37,0.0,0.08,0.12,0.0,0.0,0.0,0.0,0.0,0.0
Midden-Drenthe,0.0,0.25,0.0,0.0,0.0,0.11,0.0,6.02,0.0,0.0,0.0,0.19,0.0,0.0,0.0,0.13,0.0,0.65,0.0,0.0,0.31,0.0,0.0,0.0,0.15,0.0,0.0,0.0,1.66,0.0,0.0,0.0,0.0,0.0,0.0,0.0,0.04,0.0,0.0,0.0,0.0,0.0,0.4
Mill en Sint Hubert,0.0,0.0,0.0,0.0,0.0,0.0,0.0,0.0,0.0,0.0,0.0,0.0,0.0,0.0,0.06,0.0,0.0,0.0,0.0,0.0,0.0,0.0,0.0,0.0,0.0,0.0,0.0,0.0,0.0,0.21,0.54,0.0,0.0,0.0,0.0,0.08,0.0,0.0,0.0,0.0,0.0,0.0,0.0
Moerdijk,0.0,0.0,0.0,0.0,0.02,0.0,0.0,0.0,1.48,0.0,0.0,0.0,0.0,0.0,0.12,0.0,0.28,0.0,0.0,0.07,0.0,0.0,0.0,0.0,0.0,0.0,0.0,0.0,0.0,0.0,0.0,3.06,0.35,0.11,0.0,0.16,0.04,0.0,0.0,0.37,0.0,0.0,0.0
Molenwaard,0.0,0.0,0.0,0.12,0.02,0.0,0.0,0.0,0.09,0.0,0.0,0.0,0.0,0.0,0.0,0.0,0.56,0.0,0.0,0.0,0.0,0.0,0.0,0.0,0.0,0.0,0.0,0.0,0.0,0.0,0.0,0.0,0.24,0.07,0.0,0.0,0.12,0.0,0.0,0.0,0.0,0.0,0.0
Montferland,0.0,0.0,0.0,0.0,0.02,0.22,1.34,0.0,0.0,0.0,0.0,0.19,7.5,0.39,0.06,0.13,0.0,0.0,0.0,0.0,0.0,0.2,0.0,0.0,0.0,0.0,0.0,0.14,0.0,0.42,0.0,0.0,0.03,0.0,0.0,0.0,0.04,0.35,0.0,0.0,1.14,0.0,0.0
Montfoort,0.0,0.0,0.0,0.12,0.03,0.0,0.0,0.0,0.0,0.0,0.0,0.0,0.0,0.0,0.0,0.0,0.28,0.0,0.0,0.07,0.0,0.0,0.0,0.0,0.0,0.0,0.0,0.0,0.0,0.0,0.0,0.0,0.03,0.04,0.0,0.0,0.46,0.0,0.0,0.0,0.0,0.0,0.0
Mook en Middelaar,0.0,0.0,0.0,0.0,0.0,0.0,0.1,0.0,0.0,0.0,0.0,0.0,0.0,0.0,0.06,0.0,0.0,0.0,0.0,0.0,0.0,0.0,0.0,0.0,0.0,0.0,0.0,0.0,0.0,1.17,0.0,0.0,0.0,0.0,0.0,0.0,0.0,0.0,0.0,0.0,0.0,0.0,0.0
Neder-Betuwe,0.0,0.0,0.0,0.25,0.02,0.0,0.21,0.0,0.0,0.0,0.0,0.0,0.0,0.79,0.0,0.0,0.0,0.0,0.0,0.0,0.0,0.0,0.0,0.0,0.0,0.0,0.0,0.0,0.0,0.21,0.0,0.0,0.0,0.0,0.0,0.0,0.04,0.0,0.0,0.0,1.7,0.0,0.0
Nederweert,0.0,0.0,0.0,0.0,0.0,0.11,0.0,0.0,0.0,0.0,0.0,0.0,0.0,0.0,0.29,0.0,0.0,0.0,0.0,0.0,0.0,0.2,0.0,0.0,0.0,0.0,0.0,0.14,0.0,0.0,0.0,0.0,0.03,0.0,0.0,0.08,0.0,0.35,0.0,0.0,0.0,0.0,0.0
Neerijnen,0.0,0.0,0.0,0.0,0.02,0.0,0.0,0.0,0.0,0.0,0.0,0.0,0.0,0.2,0.0,0.0,0.0,0.0,0.0,0.0,0.0,0.2,0.0,0.0,0.0,0.0,0.0,0.0,0.0,0.0,0.0,0.0,0.03,0.0,0.0,0.0,0.08,0.0,0.0,0.0,0.0,0.0,0.0
Nieuwegein,0.0,0.0,0.15,1.24,0.26,0.0,0.1,0.0,0.09,0.19,0.0,0.0,0.0,0.2,0.06,0.0,0.28,0.0,0.0,0.2,0.0,0.0,1.03,0.0,0.0,0.0,0.0,0.0,0.0,0.0,0.0,0.0,0.11,0.19,0.0,0.08,3.3,0.0,0.0,0.0,0.0,0.0,0.0
Nieuwkoop,0.0,0.0,0.0,0.12,0.14,0.0,0.0,0.0,0.0,0.0,0.0,0.0,0.0,0.0,0.0,0.0,0.28,0.0,0.15,0.6,0.0,0.0,0.0,0.0,0.0,0.0,0.0,0.0,0.0,0.0,0.0,0.0,0.05,0.11,0.0,0.0,0.15,0.0,0.0,0.0,0.0,0.0,0.0
Nijkerk,0.0,0.0,0.46,3.35,0.19,0.22,0.31,0.0,0.0,0.0,0.0,0.0,0.0,0.79,0.0,0.0,0.0,0.0,0.0,0.2,0.0,0.0,0.41,0.0,0.0,0.0,0.34,0.0,0.0,0.0,0.0,0.0,0.03,0.04,0.0,0.0,0.35,0.0,0.0,0.0,0.0,0.0,0.1
Nijmegen,0.0,0.0,0.15,0.25,0.15,1.3,5.14,0.0,0.37,0.0,0.0,0.39,1.56,2.17,0.75,0.51,0.28,0.14,0.15,0.13,0.0,0.4,0.21,0.0,0.0,0.0,0.0,1.16,0.0,40.13,2.41,0.28,0.11,0.07,0.0,0.41,0.42,2.66,0.0,0.37,2.27,0.0,0.2
Nissewaard,0.0,0.0,0.0,0.25,0.09,0.0,0.1,0.0,0.19,0.77,0.0,0.0,0.0,0.0,0.17,0.0,0.28,0.0,0.0,0.07,0.0,0.0,0.0,0.0,0.0,0.57,0.0,0.0,0.0,0.0,0.0,0.84,3.94,0.49,0.0,0.08,0.23,0.0,0.0,0.37,0.0,0.0,0.0
Noord-Beveland,0.0,0.0,0.0,0.0,0.0,0.0,0.0,0.0,0.0,0.0,0.0,0.0,0.0,0.0,0.0,0.0,0.0,0.0,0.0,0.0,0.0,0.0,0.0,0.0,0.0,0.0,0.0,0.0,0.0,0.0,0.0,0.0,0.03,0.04,0.41,0.0,0.0,0.0,0.59,0.0,0.0,0.0,0.0
Noordenveld,0.0,0.0,0.0,0.0,0.02,0.0,0.0,3.4,0.0,0.0,0.0,0.0,0.0,0.0,0.0,0.0,0.0,2.45,0.0,0.0,0.31,0.0,0.0,0.0,0.15,0.0,0.0,0.0,1.66,0.0,0.0,0.0,0.0,0.0,0.0,0.0,0.0,0.0,0.0,0.0,0.0,0.0,0.1
Noordoostpolder,0.0,0.49,0.77,0.0,0.03,0.43,0.51,0.0,0.0,0.0,0.0,0.39,0.0,0.2,0.0,0.13,0.0,0.07,0.0,0.07,0.31,0.0,0.21,0.0,0.15,0.0,3.75,0.0,0.55,0.0,0.0,0.0,0.03,0.0,0.0,0.0,0.04,0.0,0.0,0.0,0.0,0.0,0.71
Noordwijk,0.0,0.0,0.0,0.0,0.1,0.0,0.0,0.0,0.0,0.19,0.0,0.0,0.0,0.0,0.0,0.0,0.0,0.0,0.15,0.47,0.0,0.0,0.0,0.0,0.0,0.0,0.0,0.0,0.0,0.0,0.0,0.0,0.05,0.26,0.0,0.0,0.19,0.0,0.0,0.0,0.0,0.0,0.0
Noordwijkerhout,0.0,0.0,0.0,0.0,0.05,0.0,0.0,0.0,0.0,0.0,0.0,0.0,0.0,0.0,0.0,0.0,0.0,0.0,0.15,0.4,0.0,0.0,0.0,0.0,0.0,0.0,0.0,0.0,0.0,0.0,0.0,0.0,0.03,0.11,0.0,0.0,0.12,0.0,0.0,0.0,0.0,0.0,0.0
"Nuenen, Gerwen en Nederwetten",0.0,0.0,0.0,0.0,0.0,0.0,0.0,0.0,0.09,0.0,0.0,0.0,0.0,0.0,2.07,0.0,0.0,0.0,0.0,0.0,0.0,0.0,0.0,0.0,0.0,0.0,0.0,0.14,0.0,0.11,0.27,0.0,0.03,0.04,0.0,0.16,0.04,0.0,0.0,0.0,0.0,0.0,0.0
Nunspeet,0.0,0.0,0.15,0.25,0.03,0.97,0.31,0.0,0.09,0.0,0.0,0.19,0.0,0.39,0.0,0.0,0.0,0.0,0.0,0.0,0.0,0.0,0.0,0.0,0.0,0.0,0.34,0.0,0.0,0.0,0.0,0.0,0.0,0.0,0.0,0.08,0.04,0.0,0.0,0.0,0.57,0.0,0.4
Nuth,0.0,0.0,0.0,0.0,0.0,0.0,0.0,0.0,0.09,0.0,0.0,0.0,0.0,0.0,0.17,0.0,0.0,0.0,0.0,0.0,0.0,2.62,0.0,1.48,0.0,0.0,0.0,1.3,0.0,0.0,0.0,0.0,0.0,0.0,0.0,0.0,0.0,0.0,0.0,0.0,0.0,0.0,0.0
Oegstgeest,0.0,0.0,0.0,0.0,0.14,0.0,0.0,0.0,0.0,0.19,0.0,0.0,0.0,0.0,0.0,0.0,0.0,0.0,0.15,0.34,0.0,0.0,0.0,0.0,0.0,0.57,0.0,0.0,0.0,0.0,0.0,0.0,0.11,0.45,0.0,0.0,0.15,0.0,0.0,0.0,0.0,0.0,0.0
Oirschot,0.0,0.0,0.0,0.0,0.0,0.0,0.0,0.0,0.09,0.0,0.0,0.0,0.0,0.0,0.75,0.0,0.0,0.0,0.0,0.0,0.0,0.0,0.0,0.0,0.0,0.0,0.0,0.0,0.0,0.0,0.27,0.0,0.03,0.0,0.0,0.58,0.04,0.0,0.0,0.0,0.0,0.0,0.0
Oisterwijk,0.0,0.0,0.0,0.0,0.02,0.0,0.0,0.0,0.28,0.0,0.0,0.0,0.0,0.0,0.29,0.0,0.28,0.0,0.0,0.0,0.0,0.0,0.0,0.0,0.0,0.0,0.0,0.0,0.0,0.0,0.27,0.28,0.03,0.04,0.0,2.47,0.04,0.0,0.0,0.74,0.0,0.0,0.0
Oldambt,0.0,0.0,0.0,0.0,0.0,0.0,0.0,1.31,0.0,0.0,0.0,0.0,0.0,0.0,0.0,0.0,0.0,1.51,0.0,0.0,0.0,0.0,0.0,0.0,0.0,0.0,0.0,0.0,0.0,0.0,0.0,0.0,0.03,0.0,0.0,0.0,0.0,0.0,0.0,0.0,0.0,0.0,0.1
Oldebroek,0.0,0.0,0.15,0.12,0.03,0.32,0.1,0.0,0.0,0.0,0.0,0.19,0.0,0.2,0.0,0.0,0.0,0.0,0.0,0.0,0.0,0.0,0.0,0.0,0.0,0.0,0.34,0.0,0.55,0.0,0.0,0.0,0.0,0.0,0.0,0.0,0.04,0.0,0.0,0.0,0.0,0.0,1.82
Oldenzaal,0.0,1.97,0.15,0.0,0.0,0.11,0.21,0.0,0.0,0.0,0.0,0.58,0.0,0.0,0.0,3.41,0.0,0.0,0.0,0.0,0.0,0.0,0.0,0.0,0.0,0.0,0.68,0.0,0.0,0.0,0.0,0.0,0.0,0.0,0.0,0.0,0.0,0.0,0.0,0.0,0.0,0.0,0.2
Olst-Wijhe,0.0,0.25,0.15,0.0,0.0,0.43,0.1,0.0,0.0,0.0,0.0,3.12,0.0,0.0,0.0,0.13,0.0,0.0,0.0,0.0,0.0,0.0,0.0,0.0,0.0,0.0,0.0,0.0,0.0,0.0,0.0,0.0,0.0,0.0,0.0,0.0,0.0,0.0,0.0,0.0,0.0,0.0,1.21
Ommen,0.0,0.49,0.0,0.0,0.0,0.11,0.0,0.0,0.0,0.0,0.0,0.39,0.0,0.0,0.0,0.13,0.0,0.0,0.0,0.0,0.0,0.0,0.0,0.0,0.0,0.0,0.0,0.0,0.55,0.0,0.0,0.0,0.0,0.0,0.0,0.0,0.0,0.0,0.0,0.0,0.0,0.0,1.21
Onderbanken,0.0,0.0,0.0,0.0,0.0,0.0,0.0,0.0,0.09,0.0,0.0,0.0,0.0,0.0,0.06,0.0,0.0,0.0,0.0,0.0,0.0,1.41,0.0,0.74,0.0,0.0,0.0,0.29,0.0,0.0,0.0,0.0,0.0,0.0,0.0,0.0,0.0,0.0,0.0,0.0,0.0,0.0,0.0
Oost Gelre,0.0,0.25,0.0,0.0,0.0,0.11,0.31,0.0,0.0,0.0,0.0,0.19,3.75,0.0,0.06,0.51,0.0,0.0,0.0,0.0,0.0,0.0,0.0,0.0,0.0,0.0,0.0,0.0,0.0,0.11,0.0,0.0,0.0,0.0,0.0,0.0,0.0,0.35,0.0,0.0,0.0,0.0,0.0
Oosterhout,0.0,0.0,0.0,0.0,0.03,0.0,0.0,0.0,4.54,0.0,0.0,0.0,0.0,0.0,0.29,0.0,0.0,0.0,0.0,0.07,0.0,0.0,0.0,0.0,0.0,0.0,0.0,0.0,0.0,0.0,0.27,0.84,0.21,0.15,0.0,1.32,0.08,0.0,0.0,2.21,0.0,0.0,0.0
Ooststellingwerf,0.0,0.0,0.0,0.0,0.02,0.0,0.0,1.31,0.0,0.0,0.0,0.0,0.0,0.0,0.0,0.13,0.0,0.5,0.0,0.0,2.75,0.0,0.0,0.0,0.45,0.0,0.0,0.0,0.55,0.0,0.0,0.0,0.0,0.0,0.0,0.0,0.0,0.0,0.0,0.0,0.0,0.0,0.1
Oostzaan,0.0,0.0,0.0,0.0,0.34,0.0,0.0,0.0,0.0,0.0,0.0,0.0,0.0,0.0,0.0,0.0,0.0,0.0,0.15,0.13,0.0,0.0,0.0,0.0,0.0,0.0,0.0,0.0,0.0,0.0,0.0,0.0,0.0,0.0,0.0,0.0,0.04,0.0,0.0,0.0,0.0,1.49,0.0
Opmeer,0.91,0.0,0.0,0.0,0.05,0.0,0.0,0.0,0.0,0.0,0.36,0.0,0.0,0.0,0.0,0.0,0.0,0.0,0.0,0.07,0.0,0.0,0.0,0.0,0.0,0.0,0.0,0.0,0.0,0.0,0.0,0.0,0.0,0.0,0.0,0.0,0.0,0.0,0.0,0.0,0.0,0.19,0.0
Opsterland,0.0,0.0,0.0,0.0,0.02,0.0,0.0,0.26,0.0,0.0,0.0,0.19,0.0,0.0,0.0,0.0,0.0,0.58,0.0,0.0,6.73,0.0,0.0,0.0,0.9,0.0,0.0,0.0,0.0,0.0,0.0,0.0,0.0,0.0,0.0,0.0,0.0,0.0,0.0,0.0,0.0,0.0,0.1
Oss,0.0,0.0,0.0,0.0,0.05,0.11,0.21,0.0,0.46,0.0,0.0,0.0,0.0,0.2,0.52,0.0,0.0,0.0,0.0,0.13,0.0,0.4,0.0,0.0,0.0,0.0,0.0,0.58,0.0,1.06,49.06,0.56,0.11,0.11,0.41,0.66,0.15,0.18,1.18,0.74,0.57,0.0,0.0
Oud-Beijerland,0.0,0.0,0.0,0.0,0.02,0.0,0.0,0.0,0.09,0.19,0.0,0.0,0.0,0.0,0.0,0.0,0.0,0.0,0.0,0.0,0.0,0.0,0.0,0.0,0.0,0.0,0.0,0.0,0.0,0.0,0.0,0.0,0.69,0.11,0.0,0.0,0.08,0.0,0.0,0.0,0.0,0.0,0.0
Oude IJsselstreek,0.0,0.0,0.0,0.0,0.02,0.22,0.62,0.0,0.0,0.0,0.0,0.19,11.25,0.39,0.06,0.13,0.0,0.0,0.0,0.0,0.0,0.2,0.0,0.0,0.0,0.0,0.0,0.14,0.0,0.11,0.0,0.0,0.03,0.0,0.0,0.0,0.0,0.53,0.0,0.0,0.57,0.0,0.1
Ouder-Amstel,0.0,0.0,0.15,0.0,0.49,0.0,0.0,0.0,0.0,0.0,0.0,0.0,0.0,0.0,0.0,0.0,0.0,0.0,0.0,0.27,0.0,0.0,0.21,0.0,0.0,0.0,0.0,0.0,0.0,0.0,0.0,0.0,0.03,0.0,0.0,0.0,0.08,0.0,0.0,0.0,0.0,0.0,0.0
Oudewater,0.0,0.0,0.0,0.12,0.02,0.0,0.0,0.0,0.0,0.0,0.0,0.0,0.0,0.0,0.0,0.0,0.56,0.0,0.0,0.0,0.0,0.0,0.0,0.0,0.0,0.0,0.0,0.0,0.0,0.0,0.0,0.0,0.03,0.04,0.0,0.0,0.19,0.0,0.0,0.0,0.0,0.0,0.0
Overbetuwe,0.0,0.0,0.0,0.12,0.03,0.54,3.7,0.0,0.09,0.0,0.0,0.19,0.63,1.57,0.12,0.13,0.0,0.0,0.0,0.07,0.0,0.2,0.0,0.0,0.0,0.0,0.0,0.0,0.0,2.34,0.27,0.0,0.03,0.0,0.0,0.08,0.08,0.18,0.0,0.0,3.98,0.0,0.1
Papendrecht,0.0,0.0,0.0,0.0,0.02,0.0,0.0,0.0,0.19,0.19,0.0,0.0,0.0,0.0,0.0,0.0,0.28,0.0,0.0,0.0,0.0,0.0,0.0,0.0,0.0,0.0,0.0,0.0,0.0,0.0,0.0,0.0,0.53,0.11,0.0,0.08,0.12,0.0,0.0,0.0,0.0,0.0,0.0
Peel en Maas,0.0,0.0,0.0,0.0,0.0,0.11,0.0,0.0,0.09,0.0,0.0,0.0,0.0,0.0,0.4,0.0,0.0,0.0,0.0,0.0,0.0,0.4,0.0,0.0,0.0,0.0,0.0,0.43,0.0,0.11,0.0,0.0,0.03,0.04,0.0,0.08,0.0,6.91,0.0,0.0,0.0,0.0,0.0
Pekela,0.0,0.0,0.0,0.0,0.0,0.0,0.0,0.52,0.0,0.0,0.0,0.0,0.0,0.0,0.0,0.0,0.0,0.43,0.0,0.0,0.0,0.0,0.0,0.0,0.0,0.0,0.0,0.0,0.0,0.0,0.0,0.0,0.0,0.0,0.0,0.0,0.0,0.0,0.0,0.0,0.0,0.0,0.0
Pijnacker-Nootdorp,0.0,0.0,0.0,0.0,0.09,0.0,0.0,0.0,0.09,6.32,0.0,0.0,0.0,0.0,0.06,0.0,0.28,0.0,0.0,0.2,0.0,0.0,0.0,0.0,0.0,3.43,0.0,0.0,0.0,0.0,0.0,0.0,0.61,1.95,0.0,0.08,0.35,0.0,0.0,0.0,0.0,0.0,0.0
Purmerend,0.91,0.0,0.15,0.12,2.33,0.0,0.0,0.0,0.0,0.0,1.09,0.0,0.0,0.0,0.0,0.0,0.0,0.0,1.08,1.54,0.0,0.0,0.21,0.0,0.0,0.0,0.0,0.0,0.0,0.11,0.0,0.0,0.05,0.07,0.0,0.0,0.12,0.0,0.0,0.0,0.0,3.72,0.0
Putten,0.0,0.0,0.31,0.62,0.03,0.43,0.1,0.0,0.0,0.0,0.0,0.0,0.0,0.39,0.0,0.0,0.0,0.0,0.0,0.07,0.0,0.0,0.21,0.0,0.0,0.0,0.34,0.0,0.0,0.11,0.0,0.0,0.0,0.0,0.0,0.08,0.12,0.0,0.0,0.0,0.0,0.0,0.1
Raalte,0.0,0.98,0.15,0.0,0.02,0.32,0.1,0.0,0.0,0.0,0.0,3.7,0.0,0.0,0.0,0.38,0.0,0.0,0.0,0.0,0.0,0.0,0.0,0.0,0.0,0.0,0.0,0.0,0.55,0.0,0.27,0.0,0.0,0.0,0.0,0.0,0.04,0.0,0.0,0.0,0.0,0.0,3.33
Reimerswaal,0.0,0.0,0.0,0.0,0.0,0.0,0.0,0.0,0.09,0.0,0.0,0.0,0.0,0.0,0.0,0.0,0.0,0.0,0.0,0.0,0.0,0.0,0.0,0.0,0.0,0.0,0.0,0.0,0.0,0.0,0.0,0.56,0.11,0.04,0.41,0.08,0.0,0.0,1.18,0.0,0.0,0.0,0.0
Renkum,0.0,0.0,0.0,0.12,0.03,0.32,2.57,0.0,0.0,0.0,0.0,0.19,0.0,2.17,0.06,0.0,0.0,0.0,0.0,0.07,0.0,0.0,0.0,0.0,0.0,0.0,0.0,0.0,0.0,0.64,0.0,0.0,0.03,0.0,0.0,0.0,0.12,0.18,0.0,0.0,6.25,0.0,0.0
Renswoude,0.0,0.0,0.0,0.12,0.02,0.0,0.0,0.0,0.0,0.0,0.0,0.0,0.0,0.59,0.0,0.0,0.0,0.0,0.0,0.0,0.0,0.0,0.0,0.0,0.0,0.0,0.0,0.0,0.0,0.0,0.0,0.0,0.0,0.0,0.0,0.0,0.04,0.0,0.0,0.0,0.0,0.0,0.0
Reusel-De Mierden,0.0,0.0,0.0,0.0,0.0,0.0,0.0,0.0,0.09,0.0,0.0,0.0,0.0,0.0,0.29,0.0,0.0,0.0,0.0,0.0,0.0,0.0,0.0,0.0,0.0,0.0,0.0,0.0,0.0,0.0,0.0,0.0,0.0,0.0,0.0,0.41,0.0,0.0,0.0,0.0,0.0,0.0,0.0
Rheden,0.0,0.0,0.0,0.12,0.03,0.76,4.63,0.0,0.0,0.0,0.0,0.19,1.25,0.59,0.06,0.13,0.0,0.0,0.0,0.07,0.0,0.0,0.0,0.0,0.0,0.0,0.0,0.14,0.0,0.96,0.0,0.0,0.03,0.0,0.0,0.0,0.08,0.18,0.0,0.0,0.57,0.0,0.1
Rhenen,0.0,0.0,0.0,0.37,0.05,0.11,0.21,0.0,0.0,0.0,0.0,0.0,0.0,1.18,0.06,0.0,0.0,0.0,0.0,0.07,0.0,0.0,0.21,0.0,0.0,0.0,0.0,0.0,0.0,0.11,0.0,0.0,0.03,0.0,0.0,0.0,0.12,0.0,0.0,0.0,2.27,0.0,0.0
Ridderkerk,0.0,0.0,0.0,0.12,0.02,0.0,0.0,0.0,0.19,0.19,0.0,0.0,0.0,0.0,0.0,0.0,0.28,0.0,0.0,0.07,0.0,0.0,0.0,0.0,0.0,0.0,0.0,0.0,0.0,0.0,0.0,0.0,1.47,0.15,0.0,0.08,0.12,0.0,0.0,0.0,0.0,0.0,0.0
Rijnwaarden,0.0,0.0,0.0,0.0,0.0,0.11,0.51,0.0,0.0,0.0,0.0,0.0,0.94,0.2,0.0,0.0,0.0,0.0,0.0,0.0,0.0,0.0,0.0,0.0,0.0,0.0,0.0,0.0,0.0,0.21,0.0,0.0,0.0,0.0,0.0,0.0,0.0,0.0,0.0,0.0,0.0,0.0,0.0
Rijssen-Holten,0.0,3.93,0.0,0.12,0.02,0.32,0.1,0.0,0.0,0.0,0.0,1.95,0.0,0.2,0.0,0.76,0.0,0.0,0.0,0.0,0.0,0.0,0.0,0.0,0.0,0.0,0.34,0.0,0.0,0.0,0.0,0.0,0.0,0.0,0.0,0.0,0.0,0.0,0.0,0.0,0.0,0.0,0.4
Rijswijk,0.0,0.0,0.0,0.12,0.1,0.0,0.0,0.0,0.09,3.07,0.0,0.0,0.0,0.0,0.06,0.0,0.28,0.0,0.0,0.2,0.0,0.0,0.0,0.0,0.0,3.43,0.0,0.0,0.0,0.0,0.0,0.0,0.32,3.07,0.0,0.08,0.35,0.0,0.0,0.0,0.0,0.0,0.0
Roerdalen,0.0,0.0,0.0,0.0,0.0,0.11,0.1,0.0,0.0,0.0,0.0,0.0,0.0,0.0,0.17,0.0,0.0,0.0,0.0,0.0,0.0,0.2,0.0,0.74,0.0,0.0,0.0,0.58,0.0,0.0,0.0,0.0,0.0,0.0,0.0,0.0,0.04,0.53,0.0,0.0,0.0,0.0,0.0
Roermond,0.0,0.0,0.0,0.0,0.03,0.22,0.1,0.0,0.09,0.0,0.0,0.0,0.31,0.0,0.75,0.0,0.0,0.0,0.0,0.0,0.0,1.01,0.0,0.74,0.0,0.0,0.0,1.73,0.0,0.11,0.0,0.0,0.05,0.04,0.0,0.08,0.04,2.48,0.0,0.0,0.0,0.0,0.0
Roosendaal,0.0,0.0,0.0,0.0,0.03,0.0,0.0,0.0,2.22,0.0,0.0,0.0,0.0,0.0,0.58,0.0,0.0,0.0,0.0,0.07,0.0,0.0,0.0,0.0,0.0,0.0,0.0,0.0,0.0,0.0,0.27,39.55,0.4,0.3,0.41,0.49,0.12,0.0,0.59,0.37,0.0,0.0,0.0
Rotterdam,0.18,0.25,0.46,1.36,1.04,0.22,0.31,0.0,2.13,8.05,0.0,0.0,0.0,0.2,0.63,0.13,4.74,0.14,0.46,1.54,0.31,0.2,0.62,0.0,0.15,2.86,0.0,0.29,0.55,0.21,0.27,2.23,39.26,4.87,0.82,1.32,2.07,0.18,1.18,0.37,0.57,0.19,0.1
Rozendaal,0.0,0.0,0.0,0.0,0.0,0.0,0.21,0.0,0.0,0.0,0.0,0.0,0.0,0.0,0.0,0.0,0.0,0.0,0.0,0.0,0.0,0.0,0.0,0.0,0.0,0.0,0.0,0.0,0.0,0.0,0.0,0.0,0.0,0.0,0.0,0.0,0.0,0.0,0.0,0.0,0.0,0.0,0.0
Rucphen,0.0,0.0,0.0,0.0,0.0,0.0,0.0,0.0,1.02,0.0,0.0,0.0,0.0,0.0,0.12,0.0,0.0,0.0,0.0,0.0,0.0,0.0,0.0,0.0,0.0,0.0,0.0,0.0,0.0,0.0,0.0,4.18,0.05,0.04,0.0,0.16,0.04,0.0,0.0,0.0,0.0,0.0,0.0
Schagen,4.53,0.0,0.0,0.0,0.2,0.0,0.0,0.0,0.0,0.0,4.71,0.0,0.0,0.0,0.0,0.0,0.0,0.0,0.31,0.2,0.0,0.0,0.0,0.0,0.0,0.0,0.0,0.0,0.0,0.0,0.0,0.0,0.03,0.0,0.0,0.0,0.04,0.0,0.0,0.0,0.0,0.74,0.0
Scherpenzeel,0.0,0.0,0.0,0.37,0.02,0.0,0.1,0.0,0.0,0.0,0.0,0.0,0.0,0.59,0.0,0.0,0.0,0.0,0.0,0.0,0.0,0.0,0.0,0.0,0.0,0.0,0.0,0.0,0.0,0.0,0.0,0.0,0.0,0.0,0.0,0.0,0.08,0.0,0.0,0.0,0.0,0.0,0.0
Schiedam,0.0,0.0,0.0,0.12,0.09,0.0,0.0,0.0,0.46,2.11,0.0,0.0,0.0,0.0,0.06,0.0,0.28,0.0,0.0,0.13,0.0,0.0,0.0,0.0,0.0,0.57,0.0,0.0,0.0,0.0,0.0,0.28,2.91,0.79,0.0,0.16,0.23,0.0,0.0,0.0,0.0,0.0,0.0
Schiermonnikoog,0.0,0.0,0.0,0.0,0.0,0.0,0.0,0.0,0.0,0.0,0.0,0.0,0.0,0.0,0.0,0.0,0.0,0.0,0.0,0.0,0.0,0.0,0.0,0.0,0.0,0.0,0.0,0.0,0.0,0.0,0.0,0.0,0.0,0.0,0.0,0.0,0.0,0.0,0.0,0.0,0.0,0.0,0.0
Schijndel,0.0,0.0,0.0,0.0,0.0,0.0,0.0,0.0,0.09,0.0,0.0,0.0,0.0,0.0,0.35,0.0,0.0,0.0,0.0,0.0,0.0,0.0,0.0,0.0,0.0,0.0,0.0,0.0,0.0,0.0,0.54,0.0,0.03,0.0,0.0,0.16,0.04,0.0,0.0,0.37,0.0,0.0,0.0
Schinnen,0.0,0.0,0.0,0.0,0.0,0.0,0.0,0.0,0.09,0.0,0.0,0.0,0.0,0.0,0.12,0.0,0.0,0.0,0.0,0.0,0.0,2.01,0.0,1.48,0.0,0.0,0.0,0.58,0.0,0.0,0.0,0.0,0.0,0.0,0.0,0.0,0.0,0.0,0.0,0.0,0.0,0.0,0.0
Schouwen-Duiveland,0.0,0.0,0.0,0.0,0.02,0.0,0.0,0.0,0.09,0.0,0.0,0.0,0.0,0.0,0.0,0.0,0.0,0.0,0.0,0.0,0.0,0.0,0.0,0.0,0.0,0.0,0.0,0.0,0.0,0.0,0.0,0.28,0.27,0.11,0.41,0.08,0.04,0.0,0.59,0.0,0.0,0.0,0.0
's-Gravenhage,0.18,0.0,0.31,0.5,1.29,0.11,0.21,0.0,0.56,11.88,0.0,0.0,0.0,0.2,0.29,0.13,2.79,0.14,0.62,2.75,0.0,0.2,0.62,0.0,0.15,25.71,0.0,0.14,0.0,0.11,0.0,0.28,2.72,42.25,0.41,1.15,3.68,0.0,0.0,0.37,0.57,0.19,0.1
's-Hertogenbosch,0.0,0.0,0.15,0.25,0.17,0.11,0.31,0.0,2.04,0.0,0.0,0.0,0.0,0.2,2.42,0.0,0.28,0.0,0.0,0.2,0.0,0.2,0.21,0.0,0.0,0.0,0.0,0.29,0.0,0.64,6.43,0.28,0.53,0.19,0.41,2.72,0.61,0.18,0.0,4.43,0.57,0.0,0.0
Simpelveld,0.0,0.0,0.0,0.0,0.0,0.0,0.0,0.0,0.0,0.0,0.0,0.0,0.0,0.0,0.12,0.0,0.0,0.0,0.0,0.0,0.0,2.01,0.0,3.7,0.0,0.0,0.0,0.43,0.0,0.0,0.0,0.0,0.03,0.0,0.0,0.0,0.0,0.0,0.0,0.0,0.0,0.0,0.0
Sint Anthonis,0.0,0.0,0.0,0.0,0.0,0.0,0.0,0.0,0.0,0.0,0.0,0.0,0.0,0.0,0.06,0.0,0.0,0.0,0.0,0.0,0.0,0.0,0.0,0.0,0.0,0.0,0.0,0.0,0.0,0.21,0.27,0.0,0.03,0.04,0.41,0.08,0.0,0.18,0.0,0.0,0.0,0.0,0.0
Sint-Michielsgestel,0.0,0.0,0.0,0.0,0.02,0.0,0.0,0.0,0.28,0.0,0.0,0.0,0.0,0.0,0.35,0.0,0.0,0.0,0.0,0.0,0.0,0.0,0.0,0.0,0.0,0.0,0.0,0.0,0.0,0.11,0.8,0.0,0.05,0.04,0.0,0.33,0.08,0.0,0.0,0.37,0.0,0.0,0.0
Sint-Oedenrode,0.0,0.0,0.0,0.0,0.0,0.0,0.0,0.0,0.09,0.0,0.0,0.0,0.0,0.0,0.58,0.0,0.0,0.0,0.0,0.0,0.0,0.0,0.0,0.0,0.0,0.0,0.0,0.0,0.0,0.0,0.27,0.0,0.03,0.0,0.0,0.08,0.04,0.0,0.0,0.0,0.0,0.0,0.0
Sittard-Geleen,0.0,0.0,0.0,0.0,0.03,0.22,0.1,0.0,0.37,0.0,0.0,0.0,0.0,0.0,1.09,0.0,0.0,0.0,0.0,0.0,0.0,6.64,0.0,3.7,0.0,0.0,0.0,5.2,0.0,0.0,0.0,0.0,0.08,0.04,0.0,0.25,0.04,0.89,0.0,0.0,0.0,0.0,0.0
Sliedrecht,0.0,0.0,0.0,0.0,0.02,0.0,0.0,0.0,0.09,0.0,0.0,0.0,0.0,0.0,0.0,0.0,0.28,0.0,0.0,0.0,0.0,0.0,0.0,0.0,0.0,0.0,0.0,0.0,0.0,0.0,0.0,0.0,0.27,0.07,0.0,0.0,0.08,0.0,0.0,0.0,0.0,0.0,0.0
Slochteren,0.0,0.0,0.0,0.0,0.0,0.0,0.0,0.52,0.0,0.0,0.0,0.0,0.0,0.0,0.0,0.0,0.0,1.73,0.0,0.0,0.0,0.0,0.0,0.0,0.0,0.0,0.0,0.0,0.0,0.0,0.0,0.0,0.0,0.0,0.0,0.0,0.0,0.0,0.0,0.0,0.0,0.0,0.0
Sluis,0.0,0.0,0.0,0.0,0.02,0.0,0.0,0.0,0.0,0.0,0.0,0.0,0.0,0.0,0.0,0.0,0.0,0.0,0.0,0.0,0.0,0.0,0.0,0.0,0.0,0.0,0.0,0.0,0.0,0.0,0.0,0.0,0.08,0.04,6.15,0.0,0.0,0.0,0.59,0.0,0.0,0.0,0.0
Smallingerland,0.0,0.0,0.15,0.0,0.02,0.11,0.0,0.26,0.0,0.0,0.0,0.0,0.0,0.0,0.0,0.0,0.0,1.15,0.0,0.0,5.81,0.0,0.0,0.0,2.41,0.0,0.0,0.0,0.55,0.0,0.0,0.0,0.03,0.0,0.0,0.08,0.04,0.0,0.0,0.0,0.0,0.0,0.3
Soest,0.0,0.0,0.15,3.23,0.22,0.11,0.1,0.0,0.0,0.0,0.0,0.0,0.0,0.2,0.0,0.0,0.0,0.0,0.0,0.27,0.0,0.0,1.64,0.0,0.0,0.0,0.0,0.0,0.0,0.0,0.0,0.0,0.03,0.11,0.0,0.0,0.84,0.0,0.0,0.0,0.0,0.0,0.0
Someren,0.0,0.0,0.0,0.0,0.0,0.0,0.0,0.0,0.09,0.0,0.0,0.0,0.0,0.0,0.52,0.0,0.0,0.0,0.0,0.0,0.0,0.0,0.0,0.0,0.0,0.0,0.0,0.0,0.0,0.0,0.0,0.0,0.03,0.0,0.0,0.08,0.04,0.18,0.0,0.0,0.0,0.0,0.0
Son en Breugel,0.0,0.0,0.0,0.0,0.02,0.0,0.0,0.0,0.09,0.0,0.0,0.0,0.0,0.0,1.27,0.0,0.0,0.0,0.0,0.0,0.0,0.0,0.0,0.0,0.0,0.0,0.0,0.14,0.0,0.0,0.0,0.0,0.03,0.04,0.0,0.16,0.04,0.0,0.0,0.0,0.0,0.0,0.0
Stadskanaal,0.0,0.25,0.0,0.0,0.0,0.11,0.0,1.57,0.0,0.0,0.0,0.0,0.0,0.0,0.0,0.0,0.0,0.72,0.0,0.0,0.0,0.0,0.0,0.0,0.0,0.0,0.0,0.0,0.0,0.0,0.0,0.0,0.03,0.0,0.0,0.0,0.0,0.0,0.0,0.0,0.0,0.0,0.2
Staphorst,0.0,0.0,0.0,0.0,0.0,0.11,0.0,0.0,0.0,0.0,0.0,0.19,0.0,0.0,0.0,0.0,0.0,0.0,0.0,0.0,0.0,0.0,0.0,0.0,0.0,0.0,0.0,0.0,4.42,0.0,0.0,0.0,0.0,0.0,0.0,0.0,0.0,0.0,0.0,0.0,0.0,0.0,1.21
Stede Broec,0.72,0.0,0.0,0.0,0.14,0.0,0.0,0.0,0.0,0.0,0.36,0.0,0.0,0.0,0.0,0.0,0.0,0.0,0.15,0.13,0.0,0.0,0.0,0.0,0.0,0.0,0.34,0.0,0.0,0.0,0.0,0.0,0.0,0.0,0.0,0.0,0.0,0.0,0.0,0.0,0.0,0.37,0.0
Steenbergen,0.0,0.0,0.0,0.0,0.02,0.0,0.0,0.0,0.37,0.0,0.0,0.0,0.0,0.0,0.06,0.0,0.28,0.0,0.0,0.0,0.0,0.0,0.0,0.0,0.0,0.0,0.0,0.0,0.0,0.0,0.0,3.34,0.21,0.07,0.41,0.08,0.04,0.0,0.59,0.0,0.0,0.0,0.0
Steenwijkerland,0.0,0.25,0.15,0.0,0.03,0.22,0.1,0.26,0.0,0.0,0.0,0.58,0.0,0.0,0.0,0.13,0.0,0.14,0.0,0.0,1.53,0.0,0.0,0.0,0.15,0.0,0.68,0.0,7.18,0.0,0.0,0.0,0.03,0.0,0.0,0.08,0.04,0.0,0.0,0.0,0.0,0.0,2.22
Stein,0.0,0.0,0.0,0.0,0.0,0.11,0.0,0.0,0.09,0.0,0.0,0.0,0.0,0.0,0.35,0.0,0.0,0.0,0.0,0.0,0.0,1.61,0.0,0.74,0.0,0.0,0.0,2.02,0.0,0.0,0.0,0.0,0.03,0.0,0.0,0.08,0.0,0.18,0.0,0.0,0.0,0.0,0.0
Stichtse Vecht,0.0,0.0,0.15,0.99,0.56,0.0,0.1,0.0,0.09,0.19,0.0,0.0,0.0,0.0,0.06,0.0,0.28,0.0,0.15,0.47,0.0,0.0,1.23,0.0,0.0,0.0,0.0,0.0,0.0,0.0,0.0,0.0,0.08,0.19,0.0,0.08,3.03,0.0,0.0,0.0,0.0,0.0,0.0
Strijen,0.0,0.0,0.0,0.0,0.0,0.0,0.0,0.0,0.0,0.0,0.0,0.0,0.0,0.0,0.0,0.0,0.0,0.0,0.0,0.0,0.0,0.0,0.0,0.0,0.0,0.0,0.0,0.0,0.0,0.0,0.0,0.0,0.19,0.04,0.0,0.0,0.04,0.0,0.0,0.0,0.0,0.0,0.0
S�dwest-Frysl�n,0.0,0.0,0.15,0.0,0.05,0.11,0.0,0.0,0.0,0.0,0.36,0.19,0.0,0.0,0.06,0.0,0.0,0.79,0.0,0.07,6.73,0.0,0.21,0.0,5.73,0.0,0.34,0.0,0.55,0.0,0.0,0.0,0.03,0.0,0.0,0.08,0.04,0.0,0.0,0.0,0.0,0.0,0.3
Ten Boer,0.0,0.0,0.0,0.0,0.0,0.0,0.0,0.26,0.0,0.0,0.0,0.0,0.0,0.0,0.0,0.0,0.0,1.23,0.0,0.0,0.0,0.0,0.0,0.0,0.0,0.0,0.0,0.0,0.0,0.0,0.0,0.0,0.0,0.0,0.0,0.0,0.0,0.0,0.0,0.0,0.0,0.0,0.0
Terneuzen,0.0,0.0,0.0,0.0,0.02,0.0,0.0,0.0,0.19,0.0,0.0,0.0,0.0,0.0,0.12,0.0,0.0,0.0,0.0,0.0,0.0,0.0,0.0,0.0,0.0,0.0,0.0,0.0,0.0,0.0,0.27,0.28,0.24,0.11,56.97,0.08,0.04,0.0,1.78,0.0,0.0,0.0,0.0
Terschelling,0.0,0.0,0.0,0.0,0.0,0.0,0.0,0.0,0.0,0.0,0.0,0.0,0.0,0.0,0.0,0.0,0.0,0.07,0.0,0.0,0.31,0.0,0.0,0.0,0.15,0.0,0.0,0.0,0.0,0.0,0.0,0.0,0.03,0.0,0.0,0.0,0.0,0.0,0.0,0.0,0.0,0.0,0.0
Texel,0.18,0.0,0.0,0.0,0.02,0.0,0.0,0.0,0.0,0.0,1.09,0.0,0.0,0.0,0.0,0.0,0.0,0.0,0.0,0.0,0.0,0.0,0.0,0.0,0.0,0.0,0.0,0.0,0.0,0.0,0.0,0.0,0.0,0.0,0.0,0.0,0.0,0.0,0.0,0.0,0.0,0.0,0.0
Teylingen,0.0,0.0,0.15,0.12,0.19,0.0,0.0,0.0,0.0,0.19,0.0,0.0,0.0,0.0,0.0,0.0,0.0,0.0,0.31,0.8,0.0,0.0,0.0,0.0,0.0,0.57,0.0,0.0,0.0,0.0,0.0,0.0,0.08,0.45,0.0,0.0,0.31,0.0,0.0,0.0,0.0,0.0,0.0
Tholen,0.0,0.0,0.0,0.0,0.0,0.0,0.0,0.0,0.19,0.0,0.0,0.0,0.0,0.0,0.0,0.0,0.28,0.0,0.0,0.0,0.0,0.0,0.0,0.0,0.0,0.0,0.0,0.0,0.0,0.0,0.0,1.39,0.19,0.07,0.41,0.08,0.0,0.0,0.0,0.0,0.0,0.0,0.0
Tiel,0.0,0.0,0.0,0.12,0.07,0.22,0.21,0.0,0.09,0.0,0.0,0.0,0.31,0.59,0.06,0.13,0.0,0.0,0.0,0.07,0.0,0.2,0.21,0.0,0.0,0.0,0.0,0.29,0.0,0.53,0.27,0.0,0.03,0.07,0.0,0.08,0.31,0.18,0.0,0.0,0.57,0.0,0.0
Tilburg,0.0,0.0,0.15,0.12,0.15,0.76,0.1,0.0,4.26,0.19,0.0,0.0,0.0,0.2,2.94,0.0,0.84,0.0,0.15,0.13,0.0,0.2,0.21,0.0,0.0,0.0,0.0,0.58,0.0,0.21,1.61,1.67,0.51,0.3,1.23,42.21,0.42,0.18,0.59,9.23,0.0,0.0,0.0
Tubbergen,0.0,4.91,0.0,0.0,0.0,0.0,0.1,0.0,0.0,0.0,0.0,0.39,0.0,0.0,0.0,1.14,0.0,0.0,0.0,0.0,0.0,0.0,0.0,0.0,0.0,0.0,0.0,0.0,0.0,0.0,0.0,0.0,0.0,0.0,0.0,0.0,0.0,0.0,0.0,0.0,0.0,0.0,0.2
Twenterand,0.0,7.62,0.0,0.0,0.0,0.11,0.1,0.0,0.0,0.0,0.0,0.78,0.0,0.2,0.0,0.88,0.0,0.0,0.0,0.0,0.0,0.0,0.0,0.0,0.0,0.0,0.34,0.0,0.0,0.0,0.0,0.0,0.0,0.0,0.0,0.0,0.04,0.0,0.0,0.0,0.0,0.0,0.5
Tynaarlo,0.0,0.0,0.0,0.0,0.02,0.0,0.0,4.71,0.0,0.0,0.0,0.0,0.0,0.0,0.0,0.0,0.0,3.1,0.0,0.0,0.0,0.0,0.0,0.0,0.15,0.0,0.0,0.0,0.55,0.0,0.0,0.0,0.0,0.0,0.0,0.0,0.04,0.0,0.0,0.0,0.0,0.0,0.1
Tytsjerksteradiel,0.0,0.0,0.0,0.0,0.02,0.0,0.0,0.0,0.0,0.0,0.0,0.0,0.0,0.0,0.0,0.0,0.0,0.36,0.0,0.0,2.14,0.0,0.0,0.0,5.13,0.0,0.0,0.0,0.0,0.0,0.0,0.0,0.0,0.0,0.0,0.0,0.0,0.0,0.0,0.0,0.0,0.0,0.2
Uden,0.0,0.0,0.0,0.0,0.02,0.0,0.1,0.0,0.09,0.0,0.0,0.0,0.0,0.0,0.58,0.0,0.0,0.0,0.0,0.0,0.0,0.2,0.0,0.0,0.0,0.0,0.0,0.14,0.0,0.32,2.95,1.11,0.05,0.04,0.0,0.25,0.04,0.18,0.0,0.37,0.0,0.0,0.0
Uitgeest,0.72,0.0,0.0,0.0,0.2,0.0,0.0,0.0,0.0,0.0,0.36,0.0,0.0,0.0,0.0,0.0,0.0,0.0,0.62,0.2,0.0,0.0,0.0,0.0,0.0,0.0,0.0,0.0,0.0,0.0,0.0,0.0,0.03,0.0,0.0,0.0,0.0,0.0,0.0,0.0,0.0,0.74,0.0
Uithoorn,0.0,0.0,0.15,0.25,0.53,0.0,0.0,0.0,0.0,0.0,0.36,0.0,0.0,0.0,0.0,0.0,0.0,0.0,0.46,1.41,0.0,0.0,0.21,0.0,0.0,0.0,0.0,0.0,0.0,0.0,0.0,0.0,0.03,0.04,0.0,0.0,0.08,0.0,0.0,0.0,0.0,0.19,0.0
Urk,0.0,0.0,0.15,0.0,0.02,0.11,0.1,0.0,0.0,0.0,0.0,0.0,0.0,0.0,0.0,0.0,0.0,0.0,0.0,0.0,0.0,0.0,0.0,0.0,0.0,0.0,1.71,0.0,0.0,0.0,0.0,0.0,0.03,0.0,0.0,0.08,0.0,0.0,0.0,0.0,0.0,0.0,0.1
Utrecht,0.18,0.0,1.24,5.83,3.05,0.32,0.82,0.0,0.37,1.34,0.0,0.39,0.31,1.18,0.46,0.13,1.95,0.14,0.62,1.41,0.0,0.2,7.19,0.0,0.15,1.14,0.34,0.58,0.55,0.53,0.27,0.0,0.77,1.72,0.0,1.32,30.57,0.0,0.0,0.37,1.7,0.37,0.2
Utrechtse Heuvelrug,0.0,0.0,0.15,1.12,0.2,0.11,0.1,0.0,0.09,0.0,0.0,0.0,0.0,0.59,0.06,0.0,0.0,0.0,0.0,0.13,0.0,0.0,0.41,0.0,0.0,0.0,0.0,0.0,0.0,0.11,0.0,0.0,0.05,0.07,0.0,0.08,1.04,0.0,0.0,0.0,0.57,0.0,0.0
Vaals,0.0,0.0,0.0,0.0,0.0,0.0,0.0,0.0,0.0,0.0,0.0,0.0,0.0,0.0,0.12,0.0,0.0,0.0,0.0,0.0,0.0,0.6,0.0,0.74,0.0,0.0,0.0,0.29,0.0,0.0,0.0,0.0,0.0,0.0,0.0,0.08,0.0,0.0,0.0,0.0,0.0,0.0,0.0
Valkenburg aan de Geul,0.0,0.0,0.0,0.0,0.0,0.0,0.0,0.0,0.09,0.0,0.0,0.0,0.0,0.0,0.17,0.0,0.0,0.0,0.0,0.0,0.0,1.41,0.0,0.74,0.0,0.0,0.0,2.31,0.0,0.0,0.0,0.0,0.03,0.0,0.0,0.08,0.0,0.18,0.0,0.0,0.0,0.0,0.0
Valkenswaard,0.0,0.0,0.0,0.0,0.02,0.0,0.0,0.0,0.19,0.0,0.0,0.0,0.0,0.0,1.67,0.0,0.0,0.0,0.0,0.0,0.0,0.0,0.0,0.0,0.0,0.0,0.0,0.14,0.0,0.0,0.0,0.0,0.03,0.04,0.0,0.16,0.04,0.0,0.59,0.0,0.0,0.0,0.0
Veendam,0.0,0.0,0.31,0.0,0.0,0.0,0.0,1.57,0.0,0.0,0.0,0.0,0.0,0.0,0.0,0.0,0.0,1.59,0.0,0.0,0.0,0.0,0.0,0.0,0.0,0.0,0.0,0.0,0.0,0.0,0.0,0.0,0.0,0.0,0.0,0.0,0.0,0.0,0.0,0.0,0.0,0.0,0.1
Veenendaal,0.0,0.0,0.15,1.86,0.24,0.22,0.62,0.0,0.09,0.0,0.0,0.0,0.31,5.71,0.06,0.0,0.0,0.0,0.0,0.13,0.0,0.0,0.41,0.0,0.0,0.0,0.0,0.0,0.0,0.32,0.0,0.0,0.03,0.04,0.0,0.0,0.5,0.0,0.0,0.0,2.27,0.0,0.1
Veere,0.0,0.0,0.0,0.0,0.0,0.0,0.0,0.0,0.09,0.0,0.0,0.0,0.0,0.0,0.0,0.0,0.0,0.0,0.0,0.0,0.0,0.0,0.0,0.0,0.0,0.0,0.0,0.0,0.0,0.0,0.0,0.28,0.08,0.07,0.82,0.0,0.0,0.0,7.69,0.0,0.0,0.0,0.0
Veghel,0.0,0.0,0.0,0.0,0.02,0.0,0.0,0.0,0.09,0.0,0.0,0.0,0.0,0.0,0.63,0.0,0.0,0.0,0.0,0.0,0.0,0.2,0.0,0.0,0.0,0.0,0.0,0.0,0.0,0.11,1.88,0.28,0.05,0.0,0.0,0.33,0.04,0.18,0.0,0.37,0.0,0.0,0.0
Veldhoven,0.0,0.0,0.0,0.0,0.02,0.0,0.0,0.0,0.19,0.0,0.0,0.0,0.0,0.0,4.03,0.0,0.0,0.0,0.0,0.0,0.0,0.2,0.0,0.0,0.0,0.0,0.0,0.29,0.0,0.0,0.54,0.0,0.05,0.07,0.0,0.41,0.08,0.18,0.0,0.0,0.0,0.0,0.0
Velsen,0.72,0.0,0.15,0.12,0.8,0.0,0.0,0.0,0.0,0.0,0.72,0.0,0.0,0.0,0.0,0.0,0.0,0.0,10.02,1.81,0.0,0.0,0.21,0.0,0.0,0.0,0.0,0.0,0.0,0.11,0.0,0.0,0.08,0.07,0.0,0.08,0.12,0.0,0.0,0.0,0.0,1.86,0.0
Venlo,0.0,0.0,0.0,0.0,0.03,0.22,0.1,0.0,0.19,0.0,0.0,0.0,0.0,0.0,1.04,0.0,0.0,0.0,0.0,0.07,0.0,1.61,0.0,0.0,0.0,0.0,0.0,0.87,0.0,0.32,0.0,0.0,0.08,0.07,0.0,0.16,0.04,45.92,0.0,0.0,0.0,0.0,0.0
Venray,0.0,0.0,0.0,0.0,0.02,0.11,0.0,0.0,0.09,0.0,0.0,0.0,0.0,0.2,0.4,0.0,0.0,0.0,0.0,0.0,0.0,0.4,0.0,0.0,0.0,0.0,0.0,0.14,0.0,0.42,0.0,0.0,0.03,0.0,0.0,0.08,0.04,3.9,0.0,0.0,0.0,0.0,0.0
Vianen,0.0,0.0,0.0,0.25,0.07,0.0,0.0,0.0,0.0,0.0,0.0,0.0,0.0,0.0,0.0,0.0,0.0,0.0,0.0,0.07,0.0,0.0,0.21,0.0,0.0,0.0,0.0,0.0,0.0,0.0,0.0,0.0,0.03,0.07,0.0,0.0,0.65,0.0,0.0,0.0,0.0,0.0,0.0
Vlaardingen,0.0,0.0,0.0,0.12,0.05,0.0,0.0,0.0,0.37,1.53,0.0,0.0,0.0,0.0,0.06,0.0,0.28,0.0,0.0,0.07,0.0,0.0,0.0,0.0,0.0,0.57,0.0,0.0,0.0,0.0,0.0,0.28,2.08,0.71,0.0,0.08,0.19,0.0,0.0,0.0,0.0,0.0,0.0
Vlagtwedde,0.0,0.0,0.0,0.0,0.0,0.0,0.0,1.05,0.0,0.0,0.0,0.0,0.0,0.0,0.0,0.0,0.0,0.22,0.0,0.0,0.0,0.0,0.0,0.0,0.0,0.0,0.0,0.0,0.0,0.0,0.0,0.0,0.0,0.0,0.0,0.0,0.0,0.0,0.0,0.0,0.0,0.0,0.2
Vlieland,0.0,0.0,0.0,0.0,0.0,0.0,0.0,0.0,0.0,0.0,0.0,0.0,0.0,0.0,0.0,0.0,0.0,0.0,0.0,0.0,0.0,0.0,0.0,0.0,0.0,0.0,0.0,0.0,0.0,0.0,0.0,0.0,0.0,0.0,0.0,0.0,0.0,0.0,0.0,0.0,0.0,0.0,0.0
Vlissingen,0.0,0.0,0.0,0.0,0.03,0.0,0.0,0.0,0.28,0.0,0.0,0.0,0.0,0.0,0.06,0.0,0.0,0.0,0.0,0.0,0.0,0.0,0.21,0.0,0.0,0.0,0.0,0.0,0.0,0.0,0.0,0.56,0.24,0.19,2.87,0.08,0.04,0.0,42.01,0.0,0.0,0.0,0.0
Voerendaal,0.0,0.0,0.0,0.0,0.0,0.0,0.0,0.0,0.09,0.0,0.0,0.0,0.0,0.0,0.17,0.0,0.0,0.0,0.0,0.0,0.0,3.22,0.0,1.48,0.0,0.0,0.0,0.87,0.0,0.0,0.0,0.0,0.03,0.0,0.0,0.0,0.0,0.0,0.0,0.0,0.0,0.0,0.0
Voorschoten,0.0,0.0,0.0,0.0,0.09,0.0,0.0,0.0,0.0,0.38,0.0,0.0,0.0,0.0,0.0,0.0,0.28,0.0,0.15,0.27,0.0,0.0,0.0,0.0,0.0,1.71,0.0,0.0,0.0,0.0,0.0,0.0,0.11,0.71,0.0,0.0,0.15,0.0,0.0,0.0,0.0,0.0,0.0
Voorst,0.0,0.25,0.15,0.12,0.02,2.38,0.21,0.0,0.0,0.0,0.0,2.92,0.31,0.0,0.06,0.13,0.0,0.0,0.0,0.0,0.0,0.0,0.0,0.0,0.0,0.0,0.0,0.0,0.0,0.11,0.0,0.0,0.0,0.0,0.0,0.0,0.04,0.0,0.0,0.0,0.0,0.0,0.3
Vught,0.0,0.0,0.0,0.0,0.03,0.0,0.0,0.0,0.28,0.0,0.0,0.0,0.0,0.0,0.35,0.0,0.0,0.0,0.0,0.07,0.0,0.0,0.0,0.0,0.0,0.0,0.0,0.0,0.0,0.11,0.54,0.0,0.05,0.04,0.0,0.41,0.08,0.0,0.0,0.37,0.0,0.0,0.0
Waalre,0.0,0.0,0.0,0.0,0.02,0.0,0.0,0.0,0.0,0.0,0.0,0.0,0.0,0.0,1.5,0.0,0.0,0.0,0.0,0.0,0.0,0.0,0.0,0.0,0.0,0.0,0.0,0.0,0.0,0.0,0.0,0.0,0.03,0.04,0.0,0.16,0.04,0.0,0.0,0.0,0.0,0.0,0.0
Waalwijk,0.0,0.0,0.0,0.0,0.03,0.0,0.0,0.0,1.02,0.0,0.0,0.0,0.0,0.0,0.29,0.0,0.28,0.0,0.0,0.0,0.0,0.0,0.0,0.0,0.0,0.0,0.0,0.0,0.0,0.0,0.54,0.28,0.11,0.04,0.0,1.65,0.08,0.0,0.0,31.73,0.0,0.0,0.0
Waddinxveen,0.0,0.0,0.0,0.12,0.05,0.0,0.0,0.0,0.0,0.19,0.0,0.0,0.0,0.0,0.0,0.0,4.18,0.0,0.0,0.07,0.0,0.0,0.0,0.0,0.0,0.57,0.0,0.0,0.0,0.0,0.0,0.0,0.24,0.3,0.0,0.0,0.19,0.0,0.0,0.0,0.0,0.0,0.0
Wageningen,0.0,0.0,0.0,0.12,0.05,0.22,0.82,0.0,0.09,0.0,0.0,0.0,0.31,3.94,0.06,0.25,0.0,0.0,0.0,0.07,0.0,0.0,0.0,0.0,0.0,0.0,0.0,0.14,0.0,0.53,0.0,0.0,0.03,0.04,0.0,0.0,0.19,0.18,0.0,0.0,32.39,0.0,0.0
Wassenaar,0.0,0.0,0.0,0.0,0.09,0.0,0.0,0.0,0.0,0.19,0.0,0.0,0.0,0.0,0.0,0.0,0.0,0.0,0.0,0.2,0.0,0.0,0.0,0.0,0.0,1.71,0.0,0.0,0.0,0.0,0.0,0.0,0.08,0.79,0.0,0.0,0.12,0.0,0.0,0.0,0.0,0.0,0.0
Waterland,0.18,0.0,0.0,0.0,0.54,0.0,0.0,0.0,0.0,0.0,0.0,0.0,0.0,0.0,0.0,0.0,0.0,0.0,0.15,0.2,0.0,0.0,0.0,0.0,0.0,0.0,0.0,0.0,0.0,0.0,0.0,0.0,0.0,0.0,0.0,0.0,0.04,0.0,0.0,0.0,0.0,0.56,0.0
Weert,0.0,0.0,0.0,0.0,0.02,0.22,0.0,0.0,0.19,0.0,0.0,0.0,0.0,0.0,1.04,0.0,0.0,0.0,0.0,0.0,0.0,0.8,0.0,0.0,0.0,0.0,0.0,1.16,0.0,0.11,0.0,0.0,0.05,0.04,0.0,0.33,0.04,0.89,0.0,0.0,0.0,0.0,0.0
Weesp,0.0,0.0,0.46,0.12,0.51,0.0,0.0,0.0,0.0,0.0,0.0,0.0,0.0,0.0,0.0,0.0,0.0,0.0,0.15,0.27,0.0,0.0,0.62,0.0,0.0,0.0,0.0,0.0,0.0,0.0,0.0,0.0,0.03,0.04,0.0,0.0,0.08,0.0,0.0,0.0,0.0,0.19,0.0
Werkendam,0.0,0.0,0.0,0.0,0.02,0.0,0.0,0.0,0.37,0.0,0.0,0.0,0.0,0.0,0.06,0.0,0.28,0.0,0.0,0.0,0.0,0.0,0.0,0.0,0.0,0.0,0.0,0.0,0.0,0.0,0.0,0.0,0.11,0.04,0.0,0.08,0.08,0.0,0.0,1.11,0.0,0.0,0.0
West Maas en Waal,0.0,0.0,0.0,0.0,0.02,0.11,0.1,0.0,0.0,0.0,0.0,0.0,0.0,0.2,0.06,0.0,0.0,0.0,0.0,0.0,0.0,0.2,0.0,0.0,0.0,0.0,0.0,0.0,0.0,0.53,0.8,0.0,0.03,0.0,0.0,0.08,0.04,0.0,0.0,0.0,0.57,0.0,0.0
Westerveld,0.0,0.25,0.0,0.0,0.02,0.11,0.0,0.52,0.0,0.0,0.0,0.19,0.0,0.0,0.0,0.0,0.0,0.07,0.0,0.0,0.31,0.0,0.0,0.0,0.15,0.0,0.0,0.0,3.31,0.0,0.0,0.0,0.0,0.0,0.0,0.0,0.0,0.0,0.0,0.0,0.0,0.0,0.61
Westervoort,0.0,0.0,0.0,0.0,0.02,0.22,2.26,0.0,0.0,0.0,0.0,0.0,0.31,0.39,0.0,0.0,0.0,0.0,0.0,0.0,0.0,0.0,0.0,0.0,0.0,0.0,0.0,0.0,0.0,0.42,0.0,0.0,0.0,0.0,0.0,0.0,0.04,0.0,0.0,0.0,0.57,0.0,0.0
Westland,0.0,0.0,0.0,0.12,0.09,0.0,0.0,0.0,0.09,3.07,0.0,0.0,0.0,0.0,0.0,0.0,0.84,0.0,0.0,0.2,0.0,0.0,0.0,0.0,0.0,1.14,0.0,0.0,0.0,0.0,0.0,0.0,0.64,3.11,0.0,0.08,0.54,0.0,0.0,0.0,0.0,0.0,0.0
Weststellingwerf,0.0,0.0,0.0,0.0,0.02,0.11,0.0,0.0,0.0,0.0,0.0,0.19,0.0,0.0,0.0,0.0,0.0,0.22,0.0,0.0,5.5,0.0,0.0,0.0,0.45,0.0,0.34,0.0,1.1,0.0,0.0,0.0,0.0,0.0,0.0,0.0,0.04,0.0,0.0,0.0,0.0,0.0,0.3
Westvoorne,0.0,0.0,0.0,0.0,0.02,0.0,0.0,0.0,0.0,0.19,0.0,0.0,0.0,0.0,0.0,0.0,0.28,0.0,0.0,0.0,0.0,0.0,0.0,0.0,0.0,0.57,0.0,0.0,0.0,0.0,0.0,0.0,0.48,0.07,0.0,0.0,0.04,0.0,0.0,0.0,0.0,0.0,0.0
Wierden,0.0,6.39,0.0,0.0,0.0,0.11,0.1,0.0,0.0,0.0,0.0,0.58,0.0,0.2,0.0,1.01,0.0,0.0,0.0,0.0,0.0,0.0,0.0,0.0,0.0,0.0,0.34,0.0,0.0,0.0,0.0,0.0,0.0,0.0,0.0,0.0,0.0,0.0,0.0,0.0,0.0,0.0,0.3
Wijchen,0.0,0.0,0.0,0.0,0.02,0.22,0.51,0.0,0.09,0.0,0.0,0.0,0.31,0.39,0.17,0.13,0.0,0.0,0.0,0.07,0.0,0.2,0.0,0.0,0.0,0.0,0.0,0.14,0.0,5.52,1.34,0.0,0.03,0.04,0.0,0.08,0.04,0.35,0.0,0.0,0.57,0.0,0.0
Wijdemeren,0.0,0.0,0.31,0.25,0.24,0.0,0.0,0.0,0.0,0.0,0.0,0.0,0.0,0.0,0.0,0.0,0.0,0.0,0.0,0.2,0.0,0.0,3.9,0.0,0.0,0.0,0.0,0.0,0.0,0.0,0.0,0.0,0.03,0.04,0.0,0.0,0.23,0.0,0.0,0.0,0.0,0.0,0.0
Wijk bij Duurstede,0.0,0.0,0.0,0.5,0.07,0.0,0.0,0.0,0.0,0.0,0.0,0.0,0.0,0.2,0.0,0.0,0.0,0.0,0.0,0.07,0.0,0.0,0.21,0.0,0.0,0.0,0.0,0.0,0.0,0.0,0.0,0.0,0.03,0.04,0.0,0.0,0.61,0.0,0.0,0.0,0.0,0.0,0.0
Winsum,0.0,0.0,0.0,0.0,0.0,0.0,0.0,0.26,0.0,0.0,0.0,0.0,0.0,0.0,0.0,0.0,0.0,1.87,0.0,0.0,0.0,0.0,0.0,0.0,0.0,0.0,0.0,0.0,0.0,0.0,0.0,0.0,0.0,0.0,0.0,0.0,0.0,0.0,0.0,0.0,0.0,0.0,0.0
Winterswijk,0.0,0.25,0.0,0.0,0.0,0.11,0.21,0.0,0.0,0.0,0.0,0.19,1.56,0.0,0.0,0.51,0.0,0.0,0.0,0.0,0.0,0.0,0.0,0.0,0.0,0.0,0.0,0.29,0.0,0.0,0.0,0.0,0.0,0.0,0.0,0.0,0.0,0.18,0.0,0.0,0.0,0.0,0.0
Woensdrecht,0.0,0.0,0.0,0.0,0.0,0.0,0.0,0.0,0.37,0.0,0.0,0.0,0.0,0.0,0.0,0.0,0.0,0.0,0.0,0.0,0.0,0.0,0.0,0.0,0.0,0.0,0.0,0.0,0.0,0.0,0.0,1.67,0.16,0.04,0.0,0.08,0.04,0.0,0.0,0.37,0.0,0.0,0.0
Woerden,0.0,0.0,0.15,0.62,0.27,0.0,0.0,0.0,0.09,0.19,0.0,0.0,0.0,0.0,0.0,0.0,1.11,0.0,0.15,0.27,0.0,0.0,0.41,0.0,0.0,0.0,0.0,0.0,0.0,0.0,0.0,0.0,0.13,0.26,0.0,0.08,1.42,0.0,0.0,0.0,0.0,0.0,0.0
Wormerland,0.36,0.0,0.0,0.0,0.27,0.0,0.0,0.0,0.0,0.0,0.36,0.0,0.0,0.0,0.0,0.0,0.0,0.0,0.15,0.2,0.0,0.0,0.0,0.0,0.0,0.0,0.0,0.0,0.0,0.0,0.0,0.0,0.0,0.0,0.0,0.0,0.04,0.0,0.0,0.0,0.0,4.1,0.0
Woudenberg,0.0,0.0,0.0,0.99,0.03,0.0,0.0,0.0,0.0,0.0,0.0,0.0,0.0,0.39,0.0,0.0,0.0,0.0,0.0,0.07,0.0,0.0,0.0,0.0,0.0,0.0,0.0,0.0,0.0,0.0,0.0,0.0,0.0,0.0,0.0,0.0,0.15,0.0,0.0,0.0,0.0,0.0,0.0
Woudrichem,0.0,0.0,0.0,0.0,0.02,0.0,0.0,0.0,0.19,0.0,0.0,0.0,0.0,0.0,0.06,0.0,0.28,0.0,0.0,0.0,0.0,0.0,0.0,0.0,0.0,0.0,0.0,0.0,0.0,0.0,0.0,0.0,0.05,0.0,0.0,0.08,0.04,0.0,0.0,1.11,0.0,0.0,0.0
Zaanstad,1.99,0.0,0.46,0.25,3.69,0.11,0.1,0.0,0.0,0.19,1.45,0.0,0.0,0.0,0.06,0.0,0.28,0.0,2.47,2.41,0.0,0.0,0.82,0.0,0.0,0.0,0.0,0.0,0.0,0.11,0.0,0.0,0.11,0.11,0.0,0.16,0.31,0.0,0.0,0.0,0.0,46.55,0.0
Zaltbommel,0.0,0.0,0.0,0.0,0.02,0.0,0.0,0.0,0.09,0.0,0.0,0.0,0.0,0.0,0.12,0.0,0.0,0.0,0.0,0.0,0.0,0.2,0.0,0.0,0.0,0.0,0.0,0.0,0.0,0.11,0.27,0.0,0.05,0.04,0.0,0.16,0.15,0.0,0.0,0.37,0.0,0.0,0.0
Zandvoort,0.0,0.0,0.0,0.0,0.19,0.0,0.0,0.0,0.0,0.0,0.0,0.0,0.0,0.0,0.0,0.0,0.0,0.0,1.69,0.67,0.0,0.0,0.0,0.0,0.0,0.0,0.0,0.0,0.0,0.0,0.0,0.0,0.0,0.04,0.0,0.0,0.0,0.0,0.0,0.0,0.0,0.19,0.0
Zederik,0.0,0.0,0.0,0.12,0.02,0.0,0.0,0.0,0.0,0.0,0.0,0.0,0.0,0.0,0.0,0.0,0.0,0.0,0.0,0.0,0.0,0.0,0.0,0.0,0.0,0.0,0.0,0.0,0.0,0.0,0.0,0.0,0.03,0.04,0.0,0.0,0.19,0.0,0.0,0.0,0.0,0.0,0.0
Zeewolde,0.0,0.0,1.24,0.62,0.07,0.65,0.21,0.0,0.0,0.0,0.0,0.0,0.0,0.39,0.06,0.0,0.0,0.0,0.0,0.07,0.0,0.0,0.41,0.0,0.0,0.0,1.02,0.0,0.0,0.0,0.0,0.0,0.0,0.0,0.0,0.0,0.12,0.18,0.0,0.0,0.0,0.0,0.1
Zeist,0.0,0.0,0.15,1.36,0.31,0.11,0.1,0.0,0.09,0.19,0.0,0.0,0.0,0.2,0.06,0.0,0.28,0.0,0.15,0.2,0.0,0.0,0.82,0.0,0.0,0.0,0.0,0.0,0.0,0.11,0.0,0.0,0.08,0.15,0.0,0.08,2.07,0.0,0.0,0.0,0.0,0.0,0.0
Zevenaar,0.0,0.0,0.0,0.0,0.02,0.32,2.26,0.0,0.0,0.0,0.0,0.19,2.19,0.59,0.06,0.13,0.0,0.0,0.0,0.0,0.0,0.2,0.0,0.0,0.0,0.0,0.0,0.0,0.0,0.53,0.0,0.0,0.03,0.0,0.0,0.0,0.04,0.0,0.0,0.0,0.57,0.0,0.1
Zoetermeer,0.0,0.0,0.15,0.12,0.24,0.0,0.1,0.0,0.19,2.49,0.0,0.0,0.0,0.0,0.06,0.0,3.06,0.0,0.15,0.67,0.0,0.0,0.21,0.0,0.0,8.0,0.0,0.0,0.0,0.0,0.0,0.28,0.91,4.53,0.0,0.25,0.84,0.0,0.0,0.0,0.0,0.0,0.0
Zoeterwoude,0.0,0.0,0.0,0.0,0.02,0.0,0.0,0.0,0.0,0.0,0.0,0.0,0.0,0.0,0.0,0.0,0.0,0.0,0.0,0.07,0.0,0.0,0.0,0.0,0.0,0.57,0.0,0.0,0.0,0.0,0.0,0.0,0.05,0.11,0.0,0.0,0.04,0.0,0.0,0.0,0.0,0.0,0.0
Zuidhorn,0.0,0.0,0.0,0.0,0.0,0.0,0.0,0.52,0.0,0.0,0.0,0.0,0.0,0.0,0.0,0.0,0.0,2.6,0.0,0.0,0.31,0.0,0.0,0.0,0.15,0.0,0.0,0.0,0.0,0.0,0.0,0.0,0.0,0.0,0.0,0.0,0.0,0.0,0.0,0.0,0.0,0.0,0.1
Zuidplas,0.0,0.0,0.0,0.12,0.07,0.0,0.0,0.0,0.09,0.38,0.0,0.0,0.0,0.0,0.0,0.0,4.74,0.0,0.0,0.13,0.0,0.0,0.0,0.0,0.0,0.57,0.0,0.0,0.0,0.0,0.0,0.0,1.04,0.41,0.0,0.08,0.23,0.0,0.0,0.0,0.0,0.0,0.0
Zundert,0.0,0.0,0.0,0.0,0.0,0.0,0.0,0.0,1.85,0.0,0.0,0.0,0.0,0.0,0.12,0.0,0.0,0.0,0.0,0.0,0.0,0.0,0.0,0.0,0.0,0.0,0.0,0.0,0.0,0.0,0.0,1.11,0.11,0.04,0.0,0.16,0.0,0.0,0.0,0.0,0.0,0.0,0.0
Zutphen,0.0,0.25,0.15,0.12,0.03,1.62,1.23,0.0,0.0,0.0,0.0,2.34,1.56,0.2,0.12,0.25,0.0,0.0,0.0,0.0,0.0,0.2,0.0,0.0,0.0,0.0,0.0,0.29,0.0,0.21,0.0,0.0,0.03,0.0,0.0,0.0,0.08,0.18,0.0,0.0,0.57,0.0,0.3
Zwartewaterland,0.0,0.0,0.0,0.0,0.02,0.11,0.0,0.0,0.0,0.0,0.0,0.19,0.0,0.0,0.0,0.0,0.0,0.0,0.0,0.0,0.0,0.0,0.0,0.0,0.0,0.0,0.0,0.0,1.1,0.0,0.0,0.0,0.0,0.0,0.0,0.08,0.0,0.0,0.0,0.0,0.0,0.0,2.12
Zwijndrecht,0.0,0.0,0.0,0.0,0.02,0.0,0.0,0.0,0.19,0.19,0.0,0.0,0.0,0.0,0.06,0.0,0.28,0.0,0.0,0.07,0.0,0.0,0.0,0.0,0.0,0.0,0.0,0.0,0.0,0.0,0.0,0.28,0.96,0.15,0.0,0.08,0.15,0.0,0.0,0.0,0.0,0.0,0.0
Zwolle,0.0,0.74,0.77,0.62,0.12,1.73,0.51,0.79,0.09,0.0,0.0,2.34,0.0,0.39,0.12,0.51,0.0,0.43,0.0,0.07,0.31,0.2,0.41,0.0,0.3,0.0,2.05,0.0,3.31,0.11,0.0,0.0,0.05,0.04,0.0,0.08,0.23,0.18,0.0,0.0,0.0,0.0,37.44
