name,city,x,y
Admiraal De Ruyter Ziekenhuis Goes,Goes,51227.7,389763.5
Admiraal De Ruyter Ziekenhuis Vlissingen,Vlissingen,30368.9,385733.0
Albert Schweitzer locatie Dordwijk,Dordrecht,106189.8,422429.2
Albert Schweitzer locatie Zwijndrecht,Zwijndrecht,103412.0,425579.6
Albert Schweitzer locatie Sliedrecht,Sliedrecht,112387.8,427567.2
Alrijne Leiden,Leiden,93013.7,465484.3
Alrijne Leiderdorp,Leiderdorp,96669.2,465064.7
Amphia Breda,Breda,113865.7,399519.5
Amphia Oosterhout,Oosterhout,118745.5,406795.2
Antoni van Leeuwenhoek,Amsterdam,116172.9,484072.2
Antonius Ziekenhuis Sneek,Sneek,171997.0,560747.8
BovenIJ ziekenhuis,Amsterdam,123077.2,490983.0
Bravis Ziekenhuis Roosendaal,Roosendaal,88505.2,390534.6
Bravis Ziekenhuis Bergen op Zoom,Bergen Op Zoom,82823.3,387435.9
Canisius-Wilhelmina Ziekenhuis,Nijmegen,185844.1,425965.4
Het Van Weel-Bethesda Ziekenhuis,Dirksland,65571.5,418788.2
Deventer Ziekenhuis Locatie Deventer,Deventer,209450.1,475052.5
Diakonessenhuis Utrecht,Utrecht,137548.0,454779.4
Diakonessenhuis Zeist,Zeist,147435.6,456855.5
Dijklander Ziekenhuis Purmerend,Purmerend,125651.8,501495.3
Dijklander Ziekenhuis Hoorn,Hoorn Nh,132655.3,517801.3
ETZ TweeSteden,Tilburg,132123.4,398173.8
ETZ Waalwijk,Waalwijk,132292.7,411085.9
ETZ Elisabeth,Tilburg,134835.6,394453.0
Elkerliek Helmond,Helmond,172847.4,389015.4
Erasmus Medisch Centrum Kanker Instituut,Rotterdam,91756.5,436317.1
Flevoziekenhuis,Almere,143607.3,486928.4
Franciscus Vlietland,Schiedam,85457.2,436931.1
Franciscus Gasthuis,Rotterdam,90602.1,440976.3
Medisch Centrum Leeuwarden,Leeuwarden,183029.4,578376.3
Tjongerschans Hoofdlocatie Heerenveen,Heerenveen,190202.9,554584.1
Gelre Ziekenhuizen Zutphen,Zutphen,213008.7,459384.3
Gelre Ziekenhuizen Apeldoorn,Apeldoorn,194043.8,466122.0
Groene Hart Ziekenhuis Gouda,Gouda,107415.2,448885.3
HMC Antoniushove,Leidschendam,86377.0,456210.7
HMC Westeinde,'s-Gravenhage,80827.6,454552.4
HMC Bronovo,'s-Gravenhage,81598.7,458488.2
HagaZiekenhuis Leyweg,'s-Gravenhage,78321.0,452077.5
LangeLand Ziekenhuis,Zoetermeer,94722.8,455739.3
IJsselland Ziekenhuis,Capelle a/d IJssel,98651.3,438904.4
Ikazia Ziekenhuis Rotterdam,Rotterdam,93013.0,433569.7
Isala Zwolle,Zwolle,205068.2,502709.4
Isala Meppel,Meppel,210680.2,523447.8
Jeroen Bosch Ziekenhuis 's-Hertogenbosch,'s-Hertogenbosch,146753.8,411194.6
Laurentius Ziekenhuis,Roermond,198594.9,355686.1
Maasstad Ziekenhuis,Rotterdam,97035.2,432534.8
Martini Ziekenhuis van Swieten,Groningen,232861.7,578975.6
Máxima Medisch Centrum Veldhoven,Veldhoven,156161.7,378525.9
Máxima Medisch Centrum Eindhoven,Eindhoven,163097.7,385336.9
Meander Medisch Centrum Amersfoort,Amersfoort,154988.9,464877.8
Nij Smellinghe,Drachten,204067.6,569133.6
Noordwest Ziekenhuisgroep Alkmaar,Alkmaar,110866.1,515852.2
Noordwest Ziekenhuisgroep Den Helder,Den Helder,112431.5,552636.1
Ziekenhuis Scheemda,Scheemda,260983.7,577795.6
Onze Lieve Vrouwe Gasthuis locatie Oost,Amsterdam,122785.0,485509.7
Onze Lieve Vrouwe Gasthuis locatie West,Amsterdam,117570.1,487382.8
Maasziekenhuis Pantein,Beugen,193057.0,409488.3
Reinier de Graaf Voorburg,Voorburg,84021.9,453132.7
Reinier de Graaf Delft,Delft,82826.4,445390.8
Rijnstate Arnhem,Arnhem,190654.5,446259.6
Rijnstate Zevenaar,Zevenaar,202161.1,440977.4
Beatrixziekenhuis,Gorinchem,124695.1,427982.9
Rode Kruis Ziekenhuis Beverwijk,Beverwijk,104733.4,499634.4
Saxenburgh Medisch Centrum,Hardenberg,239750.9,510539.0
St. Jans Gasthuis Weert,Weert,177531.2,362630.3
Slingeland Ziekenhuis,Doetinchem,217089.1,444300.4
Spaarne Gasthuis locatie Haarlem Zuid,Haarlem,105535.4,486794.3
Spaarne Gasthuis locatie Haarlem Noord,Haarlem,105213.3,492908.5
Spaarne Gasthuis Hoofddorp,Hoofddorp,104002.9,480229.4
Spijkenisse Medisch Centrum,Spijkenisse,82397.4,429491.2
St. Anna Ziekenhuis Geldrop,Geldrop,167092.2,380942.7
St. Antonius Ziekenhuis Nieuwegein,Nieuwegein,133484.6,448134.3
St. Antonius Ziekenhuis Utrecht,Utrecht,131442.7,457746.7
St. Antonius Locatie Woerden,Woerden,120788.9,454544.4
Catharina Ziekenhuis,Eindhoven,161302.2,385469.0
Ziekenhuis St. Jansdal Harderwijk,Harderwijk,170000.3,483329.6
Ziekenhuis St. Jansdal Lelystad,Lelystad,161038.8,501086.3
Ziekenhuis Rivierenland,Tiel,157289.2,433825.4
Medisch Spectrum Twente Enschede Koningsplein,Enschede,258230.8,470682.3
Streekziekenhuis Koningin Beatrix,Winterswijk,246589.2,443295.6
Tergooi locatie Hilversum,Hilversum,141820.2,469855.5
Tergooi locatie Blaricum,Blaricum,145504.2,476082.0
Ziekenhuislocatie Scheper Emmen,Emmen,259406.6,533829.3
Ziekenhuislocatie Bethesda Hoogeveen,Hoogeveen,224677.1,525682.3
Ziekenhuislocatie Refaja Stadskanaal,Stadskanaal,259214.4,559281.8
VieCuri Medisch Centrum Venlo,Venlo,209074.4,374346.5
VieCuri Medisch Centrum Venray,Venray,194332.9,393298.4
Wilhelmina Ziekenhuis Assen,Assen,233691.7,556107.9
Zaans Medisch Centrum,Zaandam,116946.4,495749.7
Ziekenhuis Amstelland,Amstelveen,119978.9,477854.0
Ziekenhuis Bernhoven Uden,Uden,168968.2,409261.3
Ziekenhuis De Gelderse Vallei Ede,Ede,171751.2,448842.8
ZGT Locatie Hengelo,Hengelo Ov,249049.7,476257.2
ZGT Locatie Almelo,Almelo,240203.2,483443.8
Zorgsaam Ziekenhuis Locatie De Honte,Terneuzen,48381.2,370507.2
Zorgsaam Ziekenhuis Locatie Antonius,Oostburg,22749.5,372579.3
Zuyderland Medisch Centrum Heerlen,Heerlen,196213.5,319914.7
Zuyderland Medisch Centrum Sittard-Geleen,Sittard-Geleen,186528.7,332099.0
