week,2015/2016,2016/2017,2017/2018,2018/2019,2019/2020,2020/2021,2021/2022,2022/2023,2023/2024,2024/2025
1,84,108,90,51,41,16,6,99,43,38.0
2,84,127,101,82,74,15,10,65,55,52.0
3,111,111,112,76,45,8,6,34,67,58.0
4,124,113,167,66,51,11,10,36,74,73.0
5,124,125,163,65,70,10,13,38,74,105.0
6,120,102,161,105,66,6,10,38,69,101.0
7,148,84,147,96,67,8,12,48,55,88.0
8,121,63,170,77,50,7,9,40,49,83.0
9,128,57,167,56,46,13,14,25,41,56.0
10,108,59,172,70,93,11,20,37,40,37.0
11,73,38,117,63,114,9,31,32,27,42.0
12,49,40,86,39,104,12,43,15,23,31.0
13,53,45,73,37,107,12,47,15,22,30.0
14,48,34,52,38,69,7,48,16,17,19.0
15,41,36,60,27,47,11,58,11,18,21.0
16,25,35,39,24,28,9,34,13,18,15.0
17,20,24,28,20,31,6,27,9,8,7.0
18,13,25,30,23,27,12,27,9,7,24.0
19,17,17,16,27,16,9,22,10,7,11.0
20,13,25,22,30,15,7,18,10,10,14.0
21,17,11,25,23,21,7,9,8,4,13.0
22,19,17,19,10,16,6,15,5,10,7.0
23,17,6,18,21,11,9,17,10,8,14.0
24,14,9,21,8,10,5,17,9,6,13.0
25,24,25,25,15,10,10,17,4,9,12.0
26,20,20,33,9,9,10,4,5,10,8.0
27,22,13,34,20,7,18,9,9,5,14.0
28,14,18,26,15,6,17,8,3,14,15.0
29,17,23,17,14,6,15,18,3,13,7.0
30,12,17,18,18,19,13,4,7,11,6.0
31,13,9,14,11,16,7,1,8,6,
32,9,12,13,11,7,3,5,6,5,
33,7,18,11,8,5,13,6,7,7,
34,9,13,16,11,9,10,9,11,12,
35,15,13,18,11,9,11,9,10,6,
36,21,21,24,16,19,13,5,16,10,
37,22,21,35,18,22,13,12,13,3,
38,21,42,35,21,19,10,13,16,14,
39,30,52,33,38,22,14,12,20,13,
40,28,36,34,27,44,23,21,17,20,19.0
41,50,44,39,50,33,38,19,16,21,20.0
42,46,27,35,46,41,27,23,16,28,16.0
43,46,31,26,21,28,31,18,16,20,10.0
44,35,36,26,44,38,24,28,23,35,9.0
45,47,38,43,54,34,20,26,20,33,17.0
46,31,60,35,36,41,21,24,15,44,13.0
47,37,49,32,53,35,19,26,26,46,22.0
48,35,64,40,58,43,16,23,28,38,17.0
49,40,70,40,52,56,20,25,30,49,27.0
50,55,72,56,73,59,27,17,53,60,22.0
51,52,127,90,72,55,16,15,68,49,28.0
52,44,95,63,49,25,16,9,66,27,22.0
